uniprot_id,gene_name,protein_desc,protein_length,logFC,CI.L,CI.R,AveExpr,t,P.Value,adj.P.Val,B
Q12830,BPTF ,Nucleosome-remodeling factor subunit BPTF ,3046,-1.4005286274965076,-1.9556080160793616,-0.8454492389136536,5.943281995646015,-5.252745035482949,3.493934232836318e-5,0.017539732517423252,2.3699341610605495
Q12904,AIMP1 ,Aminoacyl tRNA synthase complex-interacting multifunctional protein 1 ,312,0.8297309868276929,0.5002821295693527,1.159179844086033,7.296326787830547,5.243101920420343,3.568612923178688e-5,0.017539732517423252,2.3509241617786882
P62277,RPS13 ,40S ribosomal protein S13 ,151,0.7328901809762793,0.4112010048434387,1.05457935710912,7.266313854542832,4.74287251019877,1.1498968178020112e-4,0.023364869311853803,1.3004144937360351
P55209,NAP1L1 ,Nucleosome assembly protein 1-like 1 ,391,1.4932698004509437,0.8207985620142014,2.165741038887686,6.712858169753551,4.624849291778673,1.5447492536942327e-4,0.023364869311853803,1.0363528732888252
Q15366,PCBP2 ,Poly(rC)-binding protein 2 ,365,-0.7135066885806138,-1.036659725884952,-0.39035365127627575,6.666104078480668,-4.59651627904437,1.6242456665480762e-4,0.023364869311853803,0.9892632518962676
P62241,RPS8 ,40S ribosomal protein S8 ,208,0.6613485681734286,0.35807054597905064,0.9646265903678065,8.115892886531757,4.539713803166609,1.857722425916195e-4,0.023364869311853803,0.8681675921854763
Q15029,EFTUD2 ,116 kDa U5 small nuclear ribonucleoprotein component ,972,-0.7194406490969282,-1.0544893610724553,-0.38439193712140113,6.972461933393368,-4.470190338991529,2.1900054677553447e-4,0.023364869311853803,0.7197412295809649
P11940,PABPC1 ,Polyadenylate-binding protein 1 ,636,-0.7878690328743453,-1.1557578981238898,-0.41998016762480084,7.121074451876186,-4.458372832088139,2.252162131002543e-4,0.023364869311853803,0.6944913220142279
P26038,MSN ,Moesin ,577,0.8421573728003217,0.4464926313159755,1.237822114284668,7.4222352974215084,4.4311386141571205,2.404203316328879e-4,0.023364869311853803,0.6356469465933996
Q69YN4,VIRMA ,Protein virilizer homolog ,1812,0.8834218776453534,0.46650264239013145,1.3003411129005753,6.805116841304355,4.411184409531568,2.518554907401082e-4,0.023364869311853803,0.5936134270544731
P15151,PVR ,Poliovirus receptor ,417,1.2614480745310777,0.6645706001838069,1.8583255488783483,7.244096432156307,4.401667228100938,2.6145835445614635e-4,0.023364869311853803,0.5617270043839051
Q9GZR7,DDX24 ,ATP-dependent RNA helicase DDX24 ,859,0.646001154896234,0.3247008572165335,0.9673014525759345,6.695161192764172,4.185633156582993,4.300173927287924e-4,0.03360282312036143,0.11063858270402793
O75821,EIF3G ,Eukaryotic translation initiation factor 3 subunit G ,320,0.8298233365582425,0.4157443563311696,1.2439023167853154,7.7357392021068945,4.1720729222579,4.443913535754818e-4,0.03360282312036143,0.08104809433200266
P08648,ITGA5 ,Integrin alpha-5 ,1049,-0.6851069865389491,-1.0337589567477,-0.33645501633019814,6.918815341716884,-4.090771944096804,5.385731917899292e-4,0.03781553196639288,-0.09263590761379259
P42696,RBM34 ,RNA-binding protein 34 ,430,1.2868395212626607,0.6098518744133967,1.9638271681119246,5.864630108000572,3.9589194334353457,7.447285544893668e-4,0.04880454460420317,-0.3834210901526216
Q9Y2H6,FNDC3A ,Fibronectin type-III domain-containing protein 3A ,1198,-1.0560017745996815,-1.6199398190510936,-0.4920637301482692,6.635315041606414,-3.9000149457467077,8.559072112183941e-4,0.049815080293358883,-0.5090339096039891
O95292,VAPB ,Vesicle-associated membrane protein-associated protein B/C ,243,0.7036713243619811,0.32172065685817786,1.0856219918657843,7.472438487124775,3.835319742513215,9.867050490826802e-4,0.049815080293358883,-0.6392103856477709
P11021,HSPA5 ,Endoplasmic reticulum chaperone BiP ,654,0.5870647260399318,0.26804687764393226,0.9060825744359313,7.4237802760263465,3.830981025129568,9.968862485401314e-4,0.049815080293358883,-0.6484726248599353
Q01433,AMPD2 ,AMP deaminase 2 ,879,-0.4882940305834831,-0.7538741864432323,-0.22271387472373377,7.071845335615055,-3.82758452198572,0.0010049291385135694,0.049815080293358883,-0.6557227526882832
Q92688,ANP32B ,Acidic leucine-rich nuclear phosphoprotein 32 family member B ,251,0.8456505513112706,0.38074692579975455,1.3105541768227869,8.412836436272384,3.786844178611636,0.0011071712576268158,0.049815080293358883,-0.7430323352908239
Q7Z478,DHX29 ,ATP-dependent RNA helicase DHX29 ,1369,1.0923620945160621,0.4894470516462279,1.6952771373858964,5.9195836375843625,3.7718979438179434,0.0011469750706153779,0.049815080293358883,-0.7748889928584024
Q9Y6M1,IGF2BP2 ,Insulin-like growth factor 2 mRNA-binding protein 2 ,599,-0.5913032980638177,-0.9202741839776736,-0.2623324121499618,7.009197884860827,-3.741897036079604,0.0012305470458314415,0.049815080293358883,-0.838410208897753
O43852,CALU ,Calumenin ,315,1.0872352195231636,0.4821960685577169,1.6922743704886103,8.103444035791334,3.7425968842629254,0.0012406533390676975,0.049815080293358883,-0.8439823429850097
P20073,ANXA7 ,Annexin A7 ,488,1.162550460619784,0.5075071075065851,1.817593813732983,7.164772208165019,3.6963644588530125,0.0013832520165497294,0.049815080293358883,-0.9420766227353505
Q00059,TFAM ,"Transcription factor A, mitochondrial ",246,0.563170350020679,0.24461008729422434,0.8817306127471336,7.298302376081254,3.6803335192502167,0.0014229442097046824,0.049815080293358883,-0.9693626388092174
Q86U42,PABPN1 ,Polyadenylate-binding protein 2 ,306,-0.5008607408743078,-0.7848531165454824,-0.21686836520313318,7.05783082985361,-3.6715488169241777,0.001452719943225281,0.049815080293358883,-0.988025101527187
P09001,MRPL3 ,"39S ribosomal protein L3, mitochondrial ",348,-0.5889845972446509,-0.9231853323399446,-0.25478386214935717,7.464478279985169,-3.6688971115894646,0.0014618282500664269,0.049815080293358883,-0.9936572306370284
Q8TDN6,BRIX1 ,Ribosome biogenesis protein BRX1 homolog ,353,0.796381376084731,0.34450816326774164,1.2482545889017205,7.14826944973792,3.6706038478743315,0.001469620883527373,0.049815080293358883,-0.996667008504418
P48643,CCT5 ,T-complex protein 1 subunit epsilon ,541,0.5851463937403981,0.2529588194565347,0.9173339680242616,7.3392517522015135,3.667077982679382,0.0014681093544869606,0.049815080293358883,-0.9975206642750312
Q9H0S4,DDX47 ,Probable ATP-dependent RNA helicase DDX47 ,455,-0.8681984004899481,-1.363944785948073,-0.37245201503182346,7.2999166661902795,-3.6474759944921673,0.0015516907116196947,0.05084373231740533,-1.0456336529579877
P53582,METAP1 ,Methionine aminopeptidase 1 ,386,0.8443546824076738,0.3598915953524959,1.3288177694628516,6.639271130164874,3.628387446215309,0.001608978429798746,0.0510201869836183,-1.079969146537465
Q9UHX1,PUF60 ,Poly(U)-binding-splicing factor PUF60 ,559,0.6229118376315541,0.2603343576066183,0.9854893176564898,7.648162774992358,3.57655373222178,0.0018167183133789514,0.05580731568910966,-1.189407262395438
Q9NX58,LYAR ,Cell growth-regulating nucleolar protein ,379,-0.7082318908912877,-1.1244637951524625,-0.29199998663011295,6.79677178555577,-3.5422491833830727,0.001969148571560192,0.05865675896495966,-1.2619176187517258
P40227,CCT6A ,T-complex protein 1 subunit zeta ,531,0.5741992702466556,0.2331002410656739,0.9152982994276373,7.736736475399205,3.5044603362896947,0.002151649197200399,0.06220797531905859,-1.341646996530602
Q6UB35,MTHFD1L ,"Monofunctional C1-tetrahydrofolate synthase, mitochondrial ",978,-0.44412100553176076,-0.7104638896287869,-0.1777781214347346,7.531711155335191,-3.4713564629736475,0.0023251152446146354,0.06530252244160534,-1.411357612492866
Q9H307,PNN ,Pinin ,717,0.587946476223119,0.23405838673632123,0.9418345657099167,7.290741489228653,3.4586836566183203,0.0023950952481775183,0.06539940635995835,-1.4380093533262936
P09972,ALDOC ,Fructose-bisphosphate aldolase C ,364,1.3661252698243203,0.5382629577400979,2.1939875819085426,7.369495564907105,3.436888397783064,0.0025401163480286855,0.06748471270573508,-1.4891357705202335
Q8TCG1,CIP2A ,Protein CIP2A ,905,0.46557051062552784,0.18001811015254032,0.7511229110985154,7.530908132694387,3.394209501805854,0.0027843862730947584,0.07104682383012507,-1.5732845360326042
O43707,ACTN4 ,Alpha-actinin-4 ,911,0.5587995549274433,0.21475413249472836,0.9028449773601581,7.016999347516279,3.3812654257459025,0.002869702565981803,0.07104682383012507,-1.6003755357070855
P04083,ANXA1 ,Annexin A1 ,346,0.8756994369194006,0.3351191855174631,1.416279688321338,6.923457048333992,3.373866638286571,0.0029414188959445142,0.07104682383012507,-1.6208605885001903
P54577,YARS ,"Tyrosine--tRNA ligase, cytoplasmic ",528,0.6583344234016637,0.2493041896660868,1.0673646571372406,7.657200275059513,3.3507388860153036,0.003082378817529073,0.07104682383012507,-1.6644346147469982
P46783,RPS10 ,40S ribosomal protein S10 ,165,-0.8186510480641809,-1.3282756305871513,-0.3090264655412105,7.66490865167785,-3.345657432693815,0.0031405711086288928,0.07104682383012507,-1.6796450896698394
Q7Z6Z7,HUWE1 ,E3 ubiquitin-protein ligase HUWE1 ,4374,-0.788437919081207,-1.280201276035819,-0.2966745621265949,6.49550640632336,-3.3378035331402924,0.003176537621159524,0.07104682383012507,-1.691422656848502
P78344,EIF4G2 ,Eukaryotic translation initiation factor 4 gamma 2 ,907,0.5587891176353407,0.2086351072945788,0.9089431279761025,6.937788099534426,3.3222157366454383,0.0032924777907593033,0.07104682383012507,-1.7236551364915496
Q8TDD1,DDX54 ,ATP-dependent RNA helicase DDX54 ,881,-0.7739149834299578,-1.259703853134197,-0.2881261137257186,6.707043489178488,-3.316615504014606,0.0033368750225884216,0.07104682383012507,-1.7355742371841796
O15355,PPM1G ,Protein phosphatase 1G ,546,0.752149494335033,0.27996037230912724,1.2243386163609387,7.336966536027054,3.3175784957959986,0.003351877808583704,0.07104682383012507,-1.7380424953151996
P13995,MTHFD2 ,"Bifunctional methylenetetrahydrofolate dehydrogenase/cyclohydrolase, mitochondrial ",350,-0.5487071485851043,-0.8939408931086523,-0.20347340406155628,7.359547129312366,-3.308768446730525,0.003396948850473935,0.07104682383012507,-1.7516558720468263
Q08170,SRSF4 ,Serine/arginine-rich splicing factor 4 ,494,0.6931324059700021,0.2553130556425475,1.1309517562974567,7.318387159442001,3.296619474653287,0.0035078024338678084,0.07183687067691782,-1.7795192798156583
P33176,KIF5B ,Kinesin-1 heavy chain ,963,0.5729664031583059,0.209492725506213,0.9364400808103989,7.675135396673097,3.2816721242651217,0.00361737937222243,0.07251509715477587,-1.8079904221231597
Q16630,CPSF6 ,Cleavage and polyadenylation specificity factor subunit 6 ,551,-0.6162545891789217,-1.008191668975896,-0.22431750938194728,8.199581941053857,-3.273277385485,0.0036884586548716113,0.07251509715477587,-1.8254193312533777
O94925,GLS ,"Glutaminase kidney isoform, mitochondrial ",669,0.6582780652047743,0.23696378826933845,1.07959234214021,7.714470276856085,3.252764635441889,0.0038693215909853538,0.07420294266982297,-1.8681957810658467
Q9NT62,ATG3 ,Ubiquitin-like-conjugating enzyme ATG3 ,314,0.8682109784171134,0.31170721925286415,1.4247147375813625,7.150637869640084,3.2493028249428404,0.0039252828268878884,0.07420294266982297,-1.8795270815285958
P39656,DDOST ,Dolichyl-diphosphooligosaccharide--protein glycosyltransferase 48 kDa subunit ,456,-0.7544083679878973,-1.2433708699628039,-0.26544586601299086,7.53133130504023,-3.2133938599419603,0.004264145828730121,0.07908783678569262,-1.953629181334481
Q9NY61,AATF ,Protein AATF ,560,0.791756272251604,0.2761548833865092,1.3073576611166988,6.050720496888819,3.1968070925275596,0.0044018023609721435,0.07987274662240659,-1.9836303032220748
Q9UNW9,NOVA2 ,RNA-binding protein Nova-2 ,492,-0.4758661187264152,-0.7863938963996413,-0.16533834105318912,6.955874103059955,-3.1902397747365785,0.0044689736156992505,0.07987274662240659,-1.9971690100990225
Q9Y5L0,TNPO3 ,Transportin-3 ,923,-0.6041803828315064,-1.0011834473713845,-0.20717731829162822,6.838118084529165,-3.168193925618277,0.00470182253790277,0.08007963892323339,-2.0425583270346808
P21980,TGM2 ,Protein-glutamine gamma-glutamyltransferase 2 ,687,0.5305976011437694,0.18182655149307092,0.8793686507944679,7.780039384525176,3.1671151220033336,0.00471351422573719,0.08007963892323339,-2.044777076919467
P24534,EEF1B2 ,Elongation factor 1-beta ,225,0.45437660299709176,0.15560769933858998,0.7531455066555935,7.67291499032958,3.166063077179237,0.004724943090078878,0.08007963892323339,-2.046940578747725
P43243,MATR3 ,Matrin-3 ,847,-0.562477565483093,-0.9339231257199485,-0.19103200524623754,7.506276354328117,-3.1524559702455304,0.00487520907355569,0.08068174966968719,-2.074904068449607
P07355,ANXA2 ,Annexin A2 ,339,0.5548464722495613,0.18722718059872462,0.9224657639003979,8.021737539735275,3.142053180086095,0.0049932061936651265,0.08068174966968719,-2.0962582328117834
P47897,QARS ,Glutamine--tRNA ligase ,775,-0.4627231679761797,-0.7697421179668611,-0.15570421798549827,6.5977223984064874,-3.137581811029027,0.0050447710235966255,0.08068174966968719,-2.1054302318204843
Q15365,PCBP1 ,Poly(rC)-binding protein 1 ,356,-0.45418397893268087,-0.7559007334737031,-0.15246722439165866,8.027690246017798,-3.13380074351865,0.00508877770042788,0.08068174966968719,-2.113183144553399
Q86V48,LUZP1 ,Leucine zipper protein 1 ,1076,0.4757760377626698,0.15778555060529365,0.793766524920046,6.967369025166919,3.1147804005113597,0.005315853530998566,0.08294419080907287,-2.152140095804347
O15226,NKRF ,NF-kappa-B-repressing factor ,690,0.9374336060433044,0.30791468245357145,1.5669525296330373,6.378169973262665,3.101449728706063,0.005513222306019134,0.08467964885651265,-2.1831230204186927
Q96CT7,CCDC124 ,Coiled-coil domain-containing protein 124 ,223,-0.7079158596027152,-1.184435960351719,-0.23139575885371144,6.979007241331043,-3.0940935069457574,0.005606698187574286,0.0847905279751619,-2.198117948690889
Q14671,PUM1 ,Pumilio homolog 1 ,1186,-0.4489712984804669,-0.7530584712369424,-0.14488412572399145,6.700834661988651,-3.07368582264442,0.005840455606286481,0.08698739183302441,-2.2360549727560786
Q99442,SEC62 ,Translocation protein SEC62 ,399,0.8057706178643469,0.2567507400315828,1.3547904956971109,7.844482503574339,3.0567250458791233,0.006105725722218157,0.08958102067075295,-2.274115441553075
Q9BTD8,RBM42 ,RNA-binding protein 42 ,480,0.8895734068145255,0.27897580569578695,1.500171007933264,6.070532778131369,3.034308370051828,0.006425405870060267,0.09249872206861275,-2.3195613271648647
Q9Y3I0,RTCB ,tRNA-splicing ligase RtcB homolog ,505,0.5289151235185736,0.1637739219188749,0.8940563251182723,6.837613919472081,3.015533384857506,0.006669107129381247,0.09249872206861275,-2.3541799364686535
Q01518,CAP1 ,Adenylyl cyclase-associated protein 1 ,475,0.6546064443959393,0.202736989007205,1.1064758997846735,7.282660829789962,3.0171736630218584,0.006680597539146806,0.09249872206861275,-2.3542240764861226
P13489,RNH1 ,Ribonuclease inhibitor ,461,0.49504229352004064,0.15289978013380395,0.8371848069062773,6.935708717006714,3.012133795461202,0.006720908132415488,0.09249872206861275,-2.3610620522004044
P68366,TUBA4A ,Tubulin alpha-4A chain ,448,0.8984958438817257,0.27699761560498926,1.519994072158462,8.198025296286566,3.010989180545048,0.006775084424150679,0.09249872206861275,-2.3667187929565268
P08865,RPSA ,40S ribosomal protein SA ,295,0.583002642793422,0.175867022139633,0.9901382634472109,6.891154839483841,2.9810579511290123,0.007212745339727242,0.09712505025961476,-2.4238474445780644
P36955,SERPINF1 ,Pigment epithelium-derived factor ,418,1.0109941111767633,0.3010939788906193,1.7208942434629073,6.498849163791685,2.966090419773783,0.007500720634224254,0.09963795112760056,-2.457164570036611
Q9BTT0,ANP32E ,Acidic leucine-rich nuclear phosphoprotein 32 family member E ,268,0.6983941913417466,0.20528422607102348,1.1915041566124698,7.53631039652692,2.949781561775377,0.007782378865445143,0.09995114664653362,-2.4898996110969938
P27694,RPA1 ,Replication protein A 70 kDa DNA-binding subunit ,616,0.6907109095151959,0.2026630647973947,1.1787587542329971,7.387881683671765,2.9475890444991446,0.007821011132320076,0.09995114664653362,-2.494295504129624
Q9UIG0,BAZ1B ,Tyrosine-protein kinase BAZ1B ,1483,-0.49383098917519475,-0.8439114325789148,-0.14375054577147467,7.783288180920167,-2.936631718416387,0.007976446659056734,0.09995114664653362,-2.513204701419951
P43358,MAGEA4 ,Melanoma-associated antigen 4 ,317,0.4439709109190092,0.127916337314598,0.7600254845234204,7.394522723904881,2.9243640254201746,0.008200662042123904,0.09995114664653362,-2.537793603026216
P07900,HSP90AA1 ,Heat shock protein HSP 90-alpha ,732,0.5987796032824557,0.17235469928649833,1.025204507278413,7.702656113857896,2.923303251423323,0.008222540776164031,0.09995114664653362,-2.540079097251871
P31943,HNRNPH1 ,Heterogeneous nuclear ribonucleoprotein H ,449,-0.48724031313519783,-0.8342750073164471,-0.1402056189539485,7.7657437372271145,-2.9228687562939286,0.008228401093318374,0.09995114664653362,-2.540788069789567
Q86XP3,DDX42 ,ATP-dependent RNA helicase DDX42 ,938,-0.466602400541046,-0.7993881113304596,-0.1338166897516324,6.535072874517416,-2.9189139672816076,0.008302201971482693,0.09995114664653362,-2.5487053039088807
P14625,HSP90B1 ,Endoplasmin ,803,0.4911544039613029,0.14063072742800403,0.8416780804946018,7.433399297389481,2.9170218377676886,0.008337735529008908,0.09995114664653362,-2.5524918188153443
P35580,MYH10 ,Myosin-10 ,1976,-0.3977799633436477,-0.6824219071913873,-0.11313801949590807,7.324706900369091,-2.9092631291604523,0.008484973324729037,0.10049070817118848,-2.568008916860098
P12814,ACTN1 ,Alpha-actinin-1 ,892,0.8985352307901294,0.2534058424666378,1.543664619113621,7.3055702651764385,2.90082347393379,0.008690275350869837,0.10169691273696488,-2.5877742174555114
P08243,ASNS ,Asparagine synthetase [glutamine-hydrolyzing] ,561,0.5450418172678243,0.15201112523816313,0.9380725092974855,7.97037452672783,2.88697055228061,0.008922025839154255,0.10318060470457215,-2.612506572171892
Q9BXJ9,NAA15 ,"N-alpha-acetyltransferase 15, NatA auxiliary subunit ",866,0.9751240954835764,0.26695073181286133,1.6832974591542915,6.857974411010895,2.8678294328774134,0.009358537369637366,0.10475161304807847,-2.6533891453165444
P10599,TXN ,Thioredoxin ,105,0.690609342468201,0.18830629427083878,1.1929123906655632,7.6067562548517795,2.8635162551491287,0.009449451694328103,0.10475161304807847,-2.6619455512175
Q02878,RPL6 ,60S ribosomal protein L6 ,288,0.5180160632726846,0.1406690326189987,0.8953630939263704,7.377063839810113,2.857862213850981,0.009525250204256304,0.10475161304807847,-2.6704116131147204
O75083,WDR1 ,WD repeat-containing protein 1 ,606,0.5070885287023531,0.1372511679799714,0.8769258894247348,7.380675305796961,2.8543813889103173,0.009599944281408828,0.10475161304807847,-2.677320747801546
P62491,RAB11A ,Ras-related protein Rab-11A ,216,0.6093905903454905,0.16471819782330221,1.0540629828676789,7.227700576426643,2.854227552441961,0.009648120543739105,0.10475161304807847,-2.6803554256747537
Q99873,PRMT1 ,Protein arginine N-methyltransferase 1 ,361,0.6059242883213924,0.16342952145967377,1.0484190551831112,7.373421977305429,2.851958750928185,0.009697250038021505,0.10475161304807847,-2.684848584088707
P11387,TOP1 ,DNA topoisomerase 1 ,765,0.5939692849866369,0.15916242387337604,1.0287761460998979,7.608801121968682,2.8450256835608863,0.009845492535937651,0.10517300744834755,-2.69837017460281
Q9NQW6,ANLN ,Anillin ,1124,0.41352676751487943,0.1102285976815312,0.7168249373482276,7.219325167945622,2.8383949993310638,0.009950243837941325,0.10517300744834755,-2.7090098105377463
Q12996,CSTF3 ,Cleavage stimulation factor subunit 3 ,717,-0.582038390252921,-1.0105298420067887,-0.15354693849905332,6.797501172575762,-2.8277985319820305,0.010189133703512467,0.10631322135352445,-2.7299758000857017
P05388,RPLP0 ,60S acidic ribosomal protein P0 ,317,0.678066158799854,0.1759910919482396,1.1801412256514685,7.386958049558447,2.812784320830596,0.010584220097933632,0.10631322135352445,-2.7622080153334343
P60953,CDC42 ,Cell division control protein 42 homolog ,191,0.6884241915884329,0.1786407132431308,1.1982076699337352,7.931933524321644,2.812570286543903,0.010589272578167209,0.10631322135352445,-2.762629508852902
Q9BPX3,NCAPG ,Condensin complex subunit 3 ,1015,-0.5266201170647024,-0.9166579793737295,-0.13658225475567515,6.868019378913966,-2.8107982460320113,0.010583871956982285,0.10631322135352445,-2.76354656302514
P82675,MRPS5 ,"28S ribosomal protein S5, mitochondrial ",430,-0.57680004181985145,-1.0040936807914493,-0.14950640284825356,7.206486629319097,-2.810271553584964,0.010598876594756251,0.10631322135352445,-2.7647237884393454
O75691,UTP20 ,Small subunit processome component 20 homolog ,2785,-0.5195161911512867,-0.9061692103983896,-0.13286317190418367,7.273079359502543,-2.7971559324157163,0.01091114970454151,0.10834000161176065,-2.790426922951279
P12236,SLC25A6 ,ADP/ATP translocase 3 ,298,0.5942690864273735,0.15083947439730855,1.0376986984574386,7.168065238512695,2.7912032662674737,0.011105410104018274,0.10914092881854508,-2.804641905109088
P22570,FDXR ,"NADPH:adrenodoxin oxidoreductase, mitochondrial ",491,-0.5990390297531701,-1.0468365109411004,-0.15124154856523986,6.843788897695917,-2.784985284028745,0.011213869593767092,0.10914092881854508,-2.814495981609417
Q9Y4W2,LAS1L ,Ribosomal biogenesis protein LAS1L ,734,-0.5909234481377563,-1.0351953617214655,-0.14665153455404717,7.304349830697378,-2.7702271556622966,0.011635376407065778,0.10942037043761489,-2.8457582138276627
Q5T4S7,UBR4 ,E3 ubiquitin-protein ligase UBR4 ,5183,0.5695230532962395,0.14075244076105048,0.9982936658314285,6.869924185457904,2.7652584517575542,0.011717106281718907,0.10942037043761489,-2.8531961154379877
P67809,YBX1 ,Nuclease-sensitive element-binding protein 1 ,324,0.7099540319547935,0.1741845167609365,1.2457235471486503,6.996152762714815,2.7598485372209307,0.011906418561146824,0.10942037043761489,-2.866054343316384
P53621,COPA ,Coatomer subunit alpha ,1224,0.5681433142111996,0.139086199325002,0.9972004290973971,7.2526353080829145,2.7567172512636176,0.011941598427404413,0.10942037043761489,-2.8699165306744963
P46821,MAP1B ,Microtubule-associated protein 1B ,2468,0.5550108283008559,0.13584397165380924,0.9741776849479026,7.54339065961111,2.7565377998305283,0.011946358628380295,0.10942037043761489,-2.870267594508485
Q14247,CTTN ,Src substrate cortactin ,550,0.5554834620514854,0.13575570769736078,0.9752112164056099,7.602513846851734,2.7551984002823002,0.011981945128515635,0.10942037043761489,-2.8728875794586157
P62979,RPS27A ,Ubiquitin-40S ribosomal protein S27a ,156,0.767985659545146,0.1875076468811212,1.3484636722091707,8.21674129082731,2.7554996090132797,0.012021770098944465,0.10942037043761489,-2.8745495232048124
O43175,PHGDH ,D-3-phosphoglycerate dehydrogenase ,533,0.5007596413452813,0.12083245345737892,0.8806868292331836,7.618457303606045,2.7438978708282624,0.01228347312570544,0.11077664295934356,-2.8948448922141643
O75533,SF3B1 ,Splicing factor 3B subunit 1 ,1304,0.42713856058699295,0.10108402927288296,0.753193091901103,7.0666692183049085,2.727203438230322,0.012746409263053128,0.11390654823255658,-2.9274010228854923
Q9NZB2,FAM120A ,Constitutive coactivator of PPAR-gamma-like protein 1 ,1118,-0.48073243098769697,-0.8490531007868896,-0.11241176118850443,7.058391820538464,-2.7171669640912595,0.01303264381865587,0.1140733370315,-2.9469321055016477
B5ME19,EIF3CL ,Eukaryotic translation initiation factor 3 subunit C-like protein ,914,-0.3966549546024641,-0.70064198073545,-0.09266792846947819,7.49855268871767,-2.7164194459200863,0.0130542049240311,0.1140733370315,-2.948385533911995
Q07065,CKAP4 ,Cytoskeleton-associated protein 4 ,602,0.5107810026011879,0.11903629455628062,0.9025257106460951,7.239286921454104,2.7143796701066134,0.013113211683173446,0.1140733370315,-2.9523506637971386
P36957,DLST ,"Dihydrolipoyllysine-residue succinyltransferase component of 2-oxoglutarate dehydrogenase complex, mitochondrial ",453,-0.5781468123547876,-1.0225099525493975,-0.1337836721601776,7.3393079913041515,-2.7097743381770516,0.013300677607923493,0.11468917621569118,-2.9635243160454747
Q7L014,DDX46 ,Probable ATP-dependent RNA helicase DDX46 ,1031,0.528341051862787,0.11860946277028667,0.9380726409552873,7.103041694470769,2.684505760300889,0.014009862462008138,0.11921247761467524,-3.010388292455903
Q6YHK3,CD109 ,CD109 antigen ,1445,0.6275080344392965,0.1400596159405224,1.1149564529380704,6.814243448015939,2.6811656231935688,0.014165417958164664,0.11921247761467524,-3.018864487455602
Q08945,SSRP1 ,FACT complex subunit SSRP1 ,709,0.6360172511939804,0.14088209801812546,1.1311524043698356,7.163839428264205,2.6753348799689736,0.014348076199813119,0.11921247761467524,-3.030111593375064
O95793,STAU1 ,Double-stranded RNA-binding protein Staufen homolog 1 ,577,0.3578885277032036,0.0784759844211399,0.6373010709852673,7.290632128642775,2.666495620881255,0.014573256887786743,0.11921247761467524,-3.0450547610903373
P32969,RPL9 ,60S ribosomal protein L9 ,192,0.6558429748329775,0.14287645341902555,1.1688094962469293,7.910426436288724,2.6628326064230556,0.014747275285995457,0.11921247761467524,-3.0541908316160593
P12268,IMPDH2 ,Inosine-5'-monophosphate dehydrogenase 2 ,514,0.5209821377580098,0.1122140863047622,0.9297501892112574,7.468651052950163,2.6533547619943176,0.01500313110678238,0.11921247761467524,-3.0704765372439256
E9PRG8,C11orf98 ,Uncharacterized protein C11orf98 ,122,0.3850712639701369,0.08278855852670869,0.6873539694135651,6.886479471839872,2.651959003775471,0.015046099859630482,0.11921247761467524,-3.0730515301809427
P53999,SUB1 ,Activated RNA polymerase II transcriptional coactivator p15 ,127,0.721097827981721,0.15450845499444776,1.2876872009689941,7.230601283955821,2.6506890264447436,0.015145062962992298,0.11921247761467524,-3.0775307379976646
Q07157,TJP1 ,Tight junction protein ZO-1 ,1748,-0.6671322392153595,-1.1914792490424495,-0.14278522938826932,5.8744932813615005,-2.648696080409552,0.015154209948770259,0.11921247761467524,-3.079326200556447
Q8IY67,RAVER1 ,Ribonucleoprotein PTB-binding 1 ,606,-0.5853971278458959,-1.0459796384435287,-0.1248146172482631,6.832989670862387,-2.646016672378566,0.01524661350707151,0.11921247761467524,-3.0845850417845613
O95239,KIF4A ,Chromosome-associated kinesin KIF4A ,1232,0.4917565757699799,0.10484504528404504,0.8786681062559147,6.671589855169211,2.6459248166226357,0.015246605883426747,0.11921247761467524,-3.0846526324739365
Q96IF1,AJUBA ,LIM domain-containing protein ajuba ,538,-0.4944538176954429,-0.8836366500769581,-0.1052709853139277,6.565916327863227,-2.644910959168006,0.01528054138295939,0.11921247761467524,-3.086600653257872
P27695,APEX1 ,DNA-(apurinic or apyrimidinic site) lyase ,318,-0.5142106574821674,-0.9198774229342097,-0.10854389203012521,7.131489194862003,-2.6388887158859617,0.015486693720892529,0.11986944824911304,-3.098272441005519
Q14011,CIRBP ,Cold-inducible RNA-binding protein ,172,-0.5181815789027765,-0.9282158657864802,-0.1081472920190728,8.309322180917679,-2.6308785029782125,0.015757617633700823,0.12101357917131178,-3.113527354818308
P30084,ECHS1 ,"Enoyl-CoA hydratase, mitochondrial ",290,0.5598623998161333,0.11481958216920685,1.0049052174630597,7.241445815465294,2.62006775406381,0.016193620078481685,0.12297169081743752,-3.136168952008485
Q9NVU7,SDAD1 ,Protein SDA1 homolog ,687,-0.4355772319599408,-0.7821478161267534,-0.08900664779312817,7.6234617190069445,-2.616450172097156,0.016262787188470882,0.12297169081743752,-3.1411446528656977
O75694,NUP155 ,Nuclear pore complex protein Nup155 ,1391,0.6621772776739654,0.13303218953742335,1.1913223658105074,6.902827047453427,2.6063487199548434,0.01668529177604417,0.12507733059005297,-3.162338305880219
Q13247,SRSF6 ,Serine/arginine-rich splicing factor 6 ,344,0.5723615554954582,0.11445590779522319,1.0302672031956932,7.663010687343318,2.603319506676437,0.01679573513518514,0.12507733059005297,-3.1681079763707323
Q96HA7,TONSL ,Tonsoku-like protein ,1378,0.6632605041850175,0.13135327887453163,1.1951677294955032,4.759721143574554,2.5958957242244844,0.017008868194506026,0.12530152274456727,-3.1803653198336734
P11388,TOP2A ,DNA topoisomerase 2-alpha ,1531,0.35011910470323676,0.06912864507358069,0.6311095643328928,7.303747942960227,2.5939597363619287,0.01708077726121263,0.12530152274456727,-3.1840519399790463
P31942,HNRNPH3 ,Heterogeneous nuclear ribonucleoprotein H3 ,346,0.5224927288064087,0.09973336073804057,0.9452520968747768,8.087242189915193,2.5729183661105153,0.017880997133350177,0.13010017165818408,-3.2240357311824077
Q5TFQ8,SIRPB1 ,Signal-regulatory protein beta-1 isoform 3 ,398,-0.5572023854304754,-1.008970559817955,-0.10543421104299572,7.879469234598038,-2.567714690249624,0.01808761220902458,0.13010017165818408,-3.2339961822265275
Q6DKI1,RPL7L1 ,60S ribosomal protein L7-like 1 ,246,-0.3569596088524532,-0.6465049347030845,-0.06741428300182195,7.583059414183822,-2.5665014542035345,0.018131966955413244,0.13010017165818408,-3.23619842598592
Q9Y3C1,NOP16 ,Nucleolar protein 16 ,178,-0.4144029398542066,-0.7526569461653638,-0.07614893354304936,6.733955077921932,-2.550462102464048,0.018773825560686835,0.13323986796238246,-3.2665354137550695
Q13404,UBE2V1 ,Ubiquitin-conjugating enzyme E2 variant 1 ,147,-0.40768550944496973,-0.7406705338235771,-0.07470048506636245,6.7391196083892755,-2.548822366176533,0.01884063239752916,0.13323986796238246,-3.2696316248288793
Q92598,HSPH1 ,Heat shock protein 105 kDa ,858,0.3995834844326804,0.07163113174419511,0.7275358371211657,6.911752419404867,2.536505305001093,0.019349636029061045,0.13586208726119292,-3.2928580473296547
Q9Y383,LUC7L2 ,Putative RNA-binding protein Luc7-like 2 ,392,0.43771200142609507,0.07669245379870926,0.7987315490534809,7.420623234251089,2.524042904511478,0.019877746851954512,0.1385803202515694,-3.3163022368457638
P05198,EIF2S1 ,Eukaryotic translation initiation factor 2 subunit 1 ,315,0.45416796560718153,0.07729493595165804,0.831040995262705,7.610320872762592,2.5087676187295704,0.02054347396879392,0.14221292191073537,-3.34495989796854
Q15043,SLC39A14 ,Zinc transporter ZIP14 ,492,0.3359163743726954,0.056635489552685936,0.6151972591927048,7.172352903701072,2.503969061760225,0.02075687429953328,0.14268536668840012,-3.3539444578561253
Q9Y2V2,CARHSP1 ,Calcium-regulated heat-stable protein 1 ,147,-0.6348135088452574,-1.1654204863661264,-0.10420653132438851,7.505157070172982,-2.4917600616715814,0.02137645204732748,0.14543314039075478,-3.3783383814146326
P08195,SLC3A2 ,4F2 cell-surface antigen heavy chain ,630,0.4555322429298467,0.07439619613605575,0.8366682897236376,7.431307486085853,2.4881587916630106,0.021474742554534933,0.14543314039075478,-3.383485549595535
Q06787,FMR1 ,Synaptic functional regulator FMR1 ,632,0.7015423845204677,0.11401430897742293,1.2890704600635123,7.422607192535455,2.486899913991565,0.021600446080417293,0.14543314039075478,-3.3873939800806694
P61221,ABCE1 ,ATP-binding cassette sub-family E member 1 ,599,0.8108960887525195,0.1275407438311711,1.494251433673868,7.101465192017393,2.4714488543735382,0.02232720635670988,0.14903635598481615,-3.416123580546678
P07237,P4HB ,Protein disulfide-isomerase ,508,0.6149001855560075,0.09450013227098297,1.1353002388410318,7.738613395932539,2.4609359412511527,0.02283467519664032,0.14903635598481615,-3.4356191606093947
P33316,DUT ,"Deoxyuridine 5'-triphosphate nucleotidohydrolase, mitochondrial ",252,-0.4781890672397798,-0.8830842298144289,-0.07329390466513064,7.564068950453503,-2.4587053505692147,0.022878035566691813,0.14903635598481615,-3.4383447046903908
P56192,MARS ,"Methionine--tRNA ligase, cytoplasmic ",900,0.45414516228742224,0.06950824791452287,0.8387820766603216,7.057017514510038,2.4580047985345166,0.022908604466658947,0.14903635598481615,-3.4395635495505603
Q8WXF1,PSPC1 ,Paraspeckle component 1 ,523,-0.3380645197720123,-0.6248993484423259,-0.05122969110169873,7.065654620425103,-2.4536166245981423,0.023124559762127173,0.14903635598481615,-3.4476950638787325
P48960,CD97 ,CD97 antigen ,835,-0.5566664963343912,-1.0292201066628746,-0.08411288600590788,7.5275322693869775,-2.4534488904793887,0.023202619537845255,0.14903635598481615,-3.44947751844182
P61313,RPL15 ,60S ribosomal protein L15 ,204,0.44474869790890703,0.06704884228001645,0.8224485535377977,7.489649889748265,2.451358686653442,0.023236417439131775,0.14903635598481615,-3.4518762145572044
Q15003,NCAPH ,Condensin complex subunit 2 ,741,0.32100443495925124,0.04772488299981681,0.5942839869186857,7.218290583896863,2.445360494214466,0.023536019113333993,0.14903635598481615,-3.462973717593591
P01023,A2M ,Alpha-2-macroglobulin ,1474,0.6629754559209218,0.09660361304090215,1.2293472988009415,7.5326558561929735,2.43797256245055,0.023980771685344023,0.14903635598481615,-3.4780548253362022
P62826,RAN ,GTP-binding nuclear protein Ran ,216,0.3015631796841213,0.04379816830960398,0.5593281910586385,7.517366281691826,2.4355292148201553,0.02403486860806333,0.14903635598481615,-3.481132384134897
O75390,CS ,"Citrate synthase, mitochondrial ",466,0.4243502702165218,0.061554107526155144,0.7871464329068885,7.2803841411925685,2.4350102534556277,0.024061472726950053,0.14903635598481615,-3.4820898609325184
Q8IWZ3,ANKHD1 ,Ankyrin repeat and KH domain-containing protein 1 ,2542,0.5056512354874304,0.07327305434429388,0.9380294166305669,6.468753041683165,2.434592605083747,0.024082903015290397,0.14903635598481615,-3.4828603391708617
P52292,KPNA2 ,Importin subunit alpha-1 ,529,0.5014823006222715,0.07259047469680929,0.9303741265477337,7.679517114486292,2.434205683369935,0.024106592677096406,0.14903635598481615,-3.4836506679239063
P30048,PRDX3 ,"Thioredoxin-dependent peroxide reductase, mitochondrial ",256,0.77134195873502,0.1090186734948071,1.4336652439752329,6.69693658361852,2.4255484269790415,0.0246229683872239,0.15127736202900682,-3.500928248252458
P0DMV9,HSPA1B ,Heat shock 70 kDa protein 1B ,641,0.5731768452501679,0.07922871130742204,1.0671249791929136,7.222112340771425,2.416797739373333,0.02508484853727389,0.15315780193875922,-3.517001998419967
Q13442,PDAP1 ,28 kDa heat- and acid-stable phosphoprotein ,181,0.35987823717783174,0.047462643038437,0.6722938313172264,7.700678159157216,2.3980701163517724,0.02602707853391358,0.15792974196812992,-3.549967350727546
Q16658,FSCN1 ,Fascin ,493,0.3665285543741603,0.047461264072456544,0.6855958446758641,7.484317688683288,2.3914677356855765,0.02639372051013013,0.15827513071026147,-3.562041100585557
P78371,CCT2 ,T-complex protein 1 subunit beta ,535,0.4026495635075218,0.05179853876775303,0.7535005882472905,7.477235429298375,2.3891503418086275,0.026523540920865417,0.15827513071026147,-3.5662746816381654
Q9Y224,RTRAF ,"RNA transcription, translation and transport factor protein ",244,0.5901191502985168,0.07575166026307667,1.104486640333957,6.355433238534974,2.3884471087716266,0.026567036182292107,0.15827513071026147,-3.567629412831108
P07814,EPRS ,Bifunctional glutamate/proline--tRNA ligase ,1512,0.33001416190877064,0.041476614164505876,0.6185517096530354,7.507958445491375,2.3810539557955295,0.026981760762184354,0.15977753511582662,-3.5810484147582784
Q15459,SF3A1 ,Splicing factor 3A subunit 1 ,793,-0.4172566386501288,-0.7828207685024979,-0.05169250879775972,7.721681587710892,-2.3761763893427448,0.027261338157419622,0.1604664395733143,-3.5899356116612244
Q07954,LRP1 ,Prolow-density lipoprotein receptor-related protein 1 ,4544,0.4878614279651168,0.05987735225556856,0.915845503674665,6.707528365695049,2.373055352859592,0.02744163783404056,0.16056624994560637,-3.5956171426500374
Q9NR12,PDLIM7 ,PDZ and LIM domain protein 7 ,457,-0.35087935672394593,-0.6595225945574306,-0.04223611889046125,7.485278799781692,-2.366682764008754,0.027813209738456694,0.161735850756039,-3.60720521854883
Q15084,PDIA6 ,Protein disulfide-isomerase A6 ,440,0.34606766342734874,0.041312405196355595,0.6508229216583419,7.630632650839286,2.364007277420642,0.027970594739091182,0.161735850756039,-3.612065342550639
Q8WU90,ZC3H15 ,Zinc finger CCCH domain-containing protein 15 ,426,0.3934669446170762,0.04609617621361156,0.7408377130205408,7.2116133013807575,2.358055266987325,0.028323679811610485,0.16281975002814683,-3.6228666487823054
Q14152,EIF3A ,Eukaryotic translation initiation factor 3 subunit A ,1382,-0.2746394733202837,-0.5191050085038823,-0.03017393813668509,7.036147944927868,-2.338752759028032,0.029497284249608985,0.16858040940328856,-3.6577927739643403
O15479,MAGEB2 ,Melanoma-associated antigen B2 ,319,-0.3133189695975982,-0.5927859697718472,-0.03385196942334917,7.8158535116749785,-2.333969371482015,0.02979497834207871,0.16929747809400794,-3.6664234061103285
Q9UQE7,SMC3 ,Structural maintenance of chromosomes protein 3 ,1217,0.5714897672185685,0.059268551467566266,1.0837109829695706,7.2457662271131715,2.3237206279045943,0.030520493679141607,0.17242324877354137,-3.686038048507191
Q5BKZ1,ZNF326 ,DBIRD complex subunit ZNF326 ,582,-0.4300192857065462,-0.8180218290877811,-0.042016742325311274,7.655105504319848,-2.30723779409066,0.03151024333950829,0.17690295361111275,-3.7144737908049392
Q9BQA1,WDR77 ,Methylosome protein 50 ,342,-0.47223020081141076,-0.8990670813885222,-0.04539332023429926,6.663272912834385,-2.3031955729555422,0.03177739348491398,0.17690295361111275,-3.7217127466372983
Q8N684,CPSF7 ,Cleavage and polyadenylation specificity factor subunit 7 ,471,0.4684000397970599,0.04481657289206736,0.8919835067020525,6.929133672039952,2.3021168015089035,0.03185332938877615,0.17690295361111275,-3.723703083927794
Q9NUM4,TMEM106B ,Transmembrane protein 106B ,274,-0.5735067010416702,-1.0937481908085234,-0.05326521127481698,7.166646078057296,-2.2959716931438465,0.032340154493944805,0.17814103682428703,-3.7357256262260075
Q8WVV9,HNRNPLL ,Heterogeneous nuclear ribonucleoprotein L-like ,542,-0.5562572992310405,-1.0616838191004843,-0.050830779361596745,6.531159643624795,-2.291221779519291,0.032585342957485976,0.17814103682428703,-3.7431721475470825
O43663,PRC1 ,Protein regulator of cytokinesis 1 ,620,-0.3086546612398103,-0.5891678573379348,-0.028141465141685806,6.928883653508308,-2.2906489631371634,0.032619925359482875,0.17814103682428703,-3.7441360229203062
Q96EY4,TMA16 ,Translation machinery-associated protein 16 ,203,-0.32732614177447744,-0.6267416736766609,-0.027910609872294045,7.497482973156583,-2.2758590541769395,0.03363944154703733,0.18123717447407153,-3.770479169619606
P26639,TARS ,"Threonine--tRNA ligase, cytoplasmic ",723,0.42138667574683353,0.03572314134833571,0.8070502101453314,7.496698599707676,2.2746323854072217,0.03372530012404386,0.18123717447407153,-3.7726596869967293
Q9NYZ3,GTSE1 ,G2 and S phase-expressed protein 1 ,720,-0.49960222519875974,-0.9572492999928672,-0.04195515040465225,7.158419743615169,-2.27366612098459,0.03387465466201356,0.18123717447407153,-3.7754223279961563
O14744,PRMT5 ,Protein arginine N-methyltransferase 5 ,637,0.36887186440285114,0.030850202460287746,0.7068935263454146,7.88689293309505,2.271799471616125,0.0339243541233257,0.18123717447407153,-3.777692882872027
Q03701,CEBPZ ,CCAAT/enhancer-binding protein zeta ,1054,-0.3643526279460628,-0.6995544121976107,-0.029150843694514927,7.24156722008627,-2.262843822294158,0.034560731088258814,0.18363891167436983,-3.7935805778628486
O76021,RSL1D1 ,Ribosomal L1 domain-containing protein 1 ,490,0.36038304696100826,0.026347482882281947,0.6944186110397346,7.659600738744521,2.246004599073676,0.03578702031303809,0.18913247832105615,-3.8233559881619574
Q96I25,RBM17 ,Splicing factor 45 ,401,0.42864910937367645,0.030021212898533378,0.8272770058488195,6.711577132646282,2.238583167777738,0.036340015539813725,0.1910279961264005,-3.8364377182747273
Q9NVV4,MTPAP ,"Poly(A) RNA polymerase, mitochondrial ",582,0.3857448845511277,0.02597604532266662,0.7455137237795888,6.79680638110623,2.2321101722089876,0.036828709232659566,0.19134058897595643,-3.8478270267365042
Q01081,U2AF1 ,Splicing factor U2AF 35 kDa subunit ,240,0.6325377600266668,0.04184538115190406,1.2232301389014295,8.045660167169471,2.2302734068056735,0.037052816871457034,0.19134058897595643,-3.8520101394087374
O60264,SMARCA5 ,SWI/SNF-related matrix-associated actin-dependent regulator of chromatin subfamily A member 5 ,1052,0.7623762726978994,0.050051807122498904,1.4747007382733,6.878339312467714,2.229074212951529,0.03714440145074753,0.19134058897595643,-3.854114562082501
P16615,ATP2A2 ,Sarcoplasmic/endoplasmic reticulum calcium ATPase 2 ,1042,0.4029439579451056,0.026361593766020153,0.779526322124191,6.904106232908842,2.2275305372790704,0.037178079851889805,0.19134058897595643,-3.8558732918602585
P62333,PSMC6 ,26S proteasome regulatory subunit 10B ,389,0.32531940191712855,0.020013996198559647,0.6306248076356975,7.205623390675641,2.2182703142437714,0.037893790123035724,0.19400831089033396,-3.872113544902583
Q7L2J0,MEPCE ,7SK snRNA methylphosphate capping enzyme ,689,-0.6942222689949524,-1.3475406570210238,-0.0409038809688812,4.72945560845191,-2.2121402353509967,0.038374471178977416,0.19420994310560197,-3.882842333707859
Q05519,SRSF11 ,Serine/arginine-rich splicing factor 11 ,484,0.5318257421682763,0.03109899379216652,1.032552490544386,8.323588514743602,2.2111489293277278,0.03845732451440534,0.19420994310560197,-3.8846250035033116
P33240,CSTF2 ,Cleavage stimulation factor subunit 2 ,577,-0.4136686069809676,-0.8033012174312373,-0.024035996530697934,7.448091671196195,-2.210223854109745,0.03852587884597394,0.19420994310560197,-3.8861927621509142
Q8N163,CCAR2 ,Cell cycle and apoptosis regulator protein 2 ,923,-0.31792276526357693,-0.6182841005071231,-0.01756143002003069,6.892297816572095,-2.2035179722740734,0.03905998962669153,0.19589780511753965,-3.8979031829083897
Q9UHI6,DDX20 ,Probable ATP-dependent RNA helicase DDX20 ,824,0.4316395871399087,0.02190065475630143,0.8413785195235159,6.505085998404304,2.1930727220040906,0.0399053884921512,0.19889498187021926,-3.9161014930683953
Q02241,KIF23 ,Kinesin-like protein KIF23 ,960,-0.4711690556697516,-0.9188067334869355,-0.023531377852567648,7.076340761800384,-2.192214991505501,0.04006226491383867,0.19889498187021926,-3.918472681231984
P23526,AHCY ,Adenosylhomocysteinase ,432,0.524870585716022,0.02499916753005932,1.0247420039019846,7.4535421074897155,2.186890043039197,0.04050065512739396,0.20006102507652393,-3.927717774662013
Q8NB90,SPATA5 ,Spermatogenesis-associated protein 5 ,893,0.2948456542673914,0.012400563147189625,0.5772907453875932,7.8019054602594915,2.1731999985372714,0.04155995466265672,0.20250683254457627,-3.950581960106037
O14980,XPO1 ,Exportin-1 ,1071,0.5577890202219031,0.02177599873242031,1.093802041711386,6.833495409011543,2.1673429539836806,0.0421476027966224,0.20250683254457627,-3.961539766469985
P19367,HK1 ,Hexokinase-1 ,917,0.3424796446812592,0.01336621026307383,0.6715930790994445,7.180908232890556,2.166347637143251,0.04214477095230986,0.20250683254457627,-3.962427439498312
P33991,MCM4 ,DNA replication licensing factor MCM4 ,863,0.5194894975934436,0.01967563039753456,1.0193033647893528,7.393711032291053,2.1647187951878184,0.04237327710285611,0.20250683254457627,-3.96606641016473
Q9BYD1,MRPL13 ,"39S ribosomal protein L13, mitochondrial ",178,-0.5797881642594318,-1.137542585813442,-0.022033742705421466,6.1160928662480964,-2.1640921786398692,0.04234364879137539,0.20250683254457627,-3.9663658855136363
Q9NYH9,UTP6 ,U3 small nucleolar RNA-associated protein 6 homolog ,597,-0.4201276578139048,-0.8243530829368915,-0.015902232690918117,6.862052289338916,-2.1636979946608443,0.04237290175485494,0.20250683254457627,-3.9670017361245242
P07942,LAMB1 ,Laminin subunit beta-1 ,1786,0.5664152304979715,0.021264432733064442,1.1115660282628785,6.531117570662367,2.1639702610330582,0.042437850970684345,0.20250683254457627,-3.9673570169401704
O76094,SRP72 ,Signal recognition particle subunit SRP72 ,671,0.5335390128762653,0.019431734874866158,1.0476462908776645,7.123126898972668,2.1614512572236295,0.0426558150751184,0.20256360492193903,-3.971698251609934
Q5JTH9,RRP12 ,RRP12-like protein ,1297,0.31873088556123247,0.010811608799457806,0.6266501623230072,6.880061813593246,2.154895764135724,0.043138832263574255,0.20387246209179563,-3.9821733744556878
Q99832,CCT7 ,T-complex protein 1 subunit eta ,543,0.3825700064518759,0.012181993277520287,0.7529580196262315,7.89967227758058,2.150269977033431,0.043546361735751334,0.20454349246637485,-3.990131363608615
Q9NSD9,FARSB ,Phenylalanine--tRNA ligase beta subunit ,589,-0.3090368488617662,-0.6084698796645684,-0.009603818058963931,6.949714815310405,-2.148570243704032,0.043696982113874586,0.20454349246637485,-3.993052887152962
Q13601,KRR1 ,KRR1 small subunit processome component homolog ,381,0.4048206941832361,0.011794152363681643,0.7978472360027905,6.555462187541903,2.1442717368036655,0.044079999759341924,0.20475589596212793,-4.000434921359763
P57678,GEMIN4 ,Gem-associated protein 4 ,1058,0.4636977682335501,0.012426277715290202,0.9149692587518099,6.730255871435366,2.1391761108351433,0.04454281965107774,0.20475589596212793,-4.009216140490312
Q8IZL8,PELP1 ,"Proline-, glutamic acid- and leucine-rich protein 1 ",1130,-0.41232285589839,-0.8136857921323919,-0.010959919664388196,7.203998291971528,-2.1386985544258925,0.044585962927658006,0.20475589596212793,-4.0100344736941675
P46779,RPL28 ,60S ribosomal protein L28 ,137,0.43098861047037046,0.011159770548824444,0.8508174503919165,7.157283725576993,2.1371891282510314,0.044722576020707214,0.20475589596212793,-4.012620266157765
Q96HS1,PGAM5 ,"Serine/threonine-protein phosphatase PGAM5, mitochondrial ",289,-0.38055809945229313,-0.7514806429154779,-0.009635555989108424,7.043018754740394,-2.135879446073287,0.04483657067248381,0.20475589596212793,-4.014821322571089
Q9BXP5,SRRT ,Serrate RNA effector molecule homolog ,876,0.36922970706346364,0.009060414276014228,0.729398999850913,7.349301310410588,2.134169695267476,0.04499213990622547,0.20475589596212793,-4.017748001857711
Q15269,PWP2 ,Periodic tryptophan protein 2 homolog ,919,-0.37009253890453775,-0.7315589041915211,-0.008626173617554356,6.621501979640521,-2.131480843354403,0.04523778537366161,0.20492508305211687,-4.022347750613988
P54136,RARS ,"Arginine--tRNA ligase, cytoplasmic ",660,0.3445658787260903,0.005373369286551188,0.6837583881656294,7.177191287514178,2.1147791091930017,0.04679096368483367,0.21066244983528873,-4.0508387900702445
Q9NY93,DDX56 ,Probable ATP-dependent RNA helicase DDX56 ,547,-0.3531956570812402,-0.7011304141370502,-0.005260900025430171,7.27144182726443,-2.113277533478288,0.046932936433294235,0.21066244983528873,-4.053393489016562
Q00325,SLC25A3 ,"Phosphate carrier protein, mitochondrial ",362,0.36801094315879185,0.0043595352360779605,0.7316623510815057,7.4096675589810825,2.106757049449613,0.04755396491172126,0.21247976140100905,-4.064474002912398
Q96I24,FUBP3 ,Far upstream element-binding protein 3 ,572,-0.39361257569121255,-0.7835900541985916,-0.0036350971838335355,7.238254174415024,-2.101205043768197,0.0480885872714884,0.21389629542024027,-4.073891930833947
Q8WWM7,ATXN2L ,Ataxin-2-like protein ,1075,-0.31190545781495044,-0.6215966426662438,-0.0022142729636571157,7.348356389273468,-2.096684703131596,0.048527863381306546,0.21487788154875825,-4.0815483716985135
P69905,HBA1 ,Hemoglobin subunit alpha ,142,0.5148671039163413,0.0019083373556939565,1.0278258704769887,7.758637957768915,2.0904785010943185,0.04922959337257904,0.2167869772114501,-4.092737187519525
Q93009,USP7 ,Ubiquitin carboxyl-terminal hydrolase 7 ,1102,0.4560707187408694,0.0013145247338892663,0.9108269127478495,6.904175234021814,2.0878678106102453,0.049400084328957095,0.2167869772114501,-4.0964895955120255
