uniprot_id	gene_name	protein_desc	protein_length	logFC	CI.L	CI.R	AveExpr	t	P.Value	adj.P.Val	B
Q12830	BPTF 	Nucleosome-remodeling factor subunit BPTF 	3046	-1.40052862749651	-1.93201728222341	-0.869039972769613	5.94328199564602	-5.49557240257302	2.19900479967002e-05	0.0216162171807563	2.78523488966026
Q12904	AIMP1 	Aminoacyl tRNA synthase complex-interacting multifunctional protein 1 	312	0.829730986827685	0.489972441265358	1.16948953239001	7.29632678783055	5.09309600187879	5.49735850934976e-05	0.0270195170734541	1.96789016070834
P62241	RPS8 	40S ribosomal protein S8 	208	0.661348568173434	0.368327539019611	0.954369597327257	8.11589288653176	4.70702570715909	0.000134109856703696	0.0299172677992916	1.16782118846349
Q15366	PCBP2 	Poly(rC)-binding protein 2 	365	-0.713506688580622	-1.02993868306247	-0.397074694098777	6.66610407848067	-4.70254112154625	0.000135514437958256	0.0299172677992916	1.15845324826286
P55209	NAP1L1 	Nucleosome assembly protein 1-like 1 	391	1.49326980045094	0.805953772230907	2.18058582867098	6.71285816975355	4.53102806558844	0.000202019695091645	0.0299172677992916	0.799157757179299
P62277	RPS13 	40S ribosomal protein S13 	151	0.732890180976276	0.394535059838336	1.07124530211422	7.26631385454283	4.51732244039148	0.000208582404071043	0.0299172677992916	0.770369054829797
Q15029	EFTUD2 	116 kDa U5 small nuclear ribonucleoprotein component 	972	-0.719440649096928	-1.06224343992934	-0.376637858264516	6.97246193339337	-4.37688932614902	0.000289549086542118	0.0299172677992916	0.474857863729001
P11940	PABPC1 	Polyadenylate-binding protein 1 	636	-0.787869032874353	-1.16797474141118	-0.407763324337522	7.12107445187619	-4.32279440620662	0.000328599152655904	0.0299172677992916	0.360811319229893
P15151	PVR 	Poliovirus receptor 	417	1.26144807453107	0.652303287487624	1.87059286157452	7.24409643215631	4.31880691595407	0.000331678903505625	0.0299172677992916	0.35240081157659
Q69YN4	VIRMA 	Protein virilizer homolog 	1812	0.883421877645348	0.455571674026741	1.31127208126395	6.80511684130436	4.30617176600685	0.00034163048922638	0.0299172677992916	0.325747311312105
P26038	MSN 	Moesin 	577	0.842157372800322	0.434291558028919	1.25002318757172	7.42223529742151	4.3061672188591	0.00034163412405553	0.0299172677992916	0.325737718388542
Q9GZR7	DDX24 	ATP-dependent RNA helicase DDX24 	859	0.64600115489623	0.331049724513569	0.960952585278892	6.69516119276417	4.27764412764903	0.000365215883612919	0.0299172677992916	0.265552581063514
P42696	RBM34 	RNA-binding protein 34 	430	1.28683952126266	0.627337069646319	1.946341972879	5.86463010800057	4.06933007387573	0.000594844840526583	0.0434460794155093	-0.174418814499091
O75821	EIF3G 	Eukaryotic translation initiation factor 3 subunit G 	320	0.829823336558243	0.402136006138755	1.25751066697773	7.73573920210689	4.04645020879799	0.000627590497745021	0.0434460794155093	-0.222755392409723
P08648	ITGA5 	Integrin alpha-5 	1049	-0.685106986538952	-1.04026297021814	-0.329951002859768	6.91881534171688	-4.02303862469544	0.000662961537367894	0.0434460794155093	-0.27221125151905
Q9Y2H6	FNDC3A 	Fibronectin type-III domain-containing protein 3A 	1198	-1.05600177459969	-1.62167383137731	-0.490329717822074	6.63531504160641	-3.893273055034	0.000898283471663833	0.0551882907903468	-0.546170524726382
Q7Z478	DHX29 	ATP-dependent RNA helicase DHX29 	1369	1.09236209451607	0.500362305533377	1.68436188349876	5.91958363758436	3.84822105547499	0.000998106476532334	0.0577140392018402	-0.641176949984027
Q92688	ANP32B 	Acidic leucine-rich nuclear phosphoprotein 32 family member B 	251	0.845650551311268	0.378200063908766	1.31310103871377	8.41283643627238	3.7728562750831	0.00119032520856636	0.0650049822233742	-0.799921439542744
O95292	VAPB 	Vesicle-associated membrane protein-associated protein B/C 	243	0.703671324361977	0.307466245026645	1.09987640369731	7.47243848712477	3.70394693670234	0.00139801228258091	0.067543305977802	-0.944809931293833
Q01433	AMPD2 	AMP deaminase 2 	879	-0.488294030583483	-0.76337938633642	-0.213208674830546	7.07184533561505	-3.70193582488549	0.001404584536299	0.067543305977802	-0.949034152878362
P11021	HSPA5 	Endoplasmic reticulum chaperone BiP 	654	0.587064726039934	0.25530045443012	0.918828997649748	7.42378027602635	3.69038192287227	0.00144293939525315	0.067543305977802	-0.973297283979627
Q9Y6M1	IGF2BP2 	Insulin-like growth factor 2 mRNA-binding protein 2 	599	-0.591303298063818	-0.93054964462244	-0.252056951505196	7.00919788486083	-3.63504727966575	0.00164148753391312	0.0694163446926716	-1.08936997972694
P53582	METAP1 	Methionine aminopeptidase 1 	386	0.844354682407674	0.356011957881654	1.33269740693369	6.63927113016487	3.60591210251662	0.00175664690013199	0.0694163446926716	-1.15039162961851
O43852	CALU 	Calumenin 	315	1.08723521952316	0.458411021824596	1.71605941722172	8.10344403579133	3.60586288888633	0.00175684801844017	0.0694163446926716	-1.15049464562753
P20073	ANXA7 	Annexin A7 	488	1.16255046061978	0.486558482502178	1.83854243873738	7.16477220816502	3.58661873071379	0.00183725995149631	0.0694163446926716	-1.19076158264297
P09001	MRPL3 	39S ribosomal protein L3, mitochondrial 	348	-0.588984597244655	-0.934857013651895	-0.243112180837414	7.46447827998517	-3.55142748453786	0.00199380927633811	0.0694163446926716	-1.26431199069477
P48643	CCT5 	T-complex protein 1 subunit epsilon 	541	0.58514639374039	0.241487503127582	0.928805284353198	7.33925175220151	3.55100996421491	0.00199574343430583	0.0694163446926716	-1.26518393296598
Q00059	TFAM 	Transcription factor A, mitochondrial 	246	0.56317035002068	0.231738321362224	0.894602378679136	7.29830237608125	3.54372692767038	0.00202978107030393	0.0694163446926716	-1.28039104260058
Q9NX58	LYAR 	Cell growth-regulating nucleolar protein 	379	-0.708231890891288	-1.12775290836884	-0.288710873413736	6.79677178555577	-3.52076223561781	0.00214089718364262	0.0694163446926716	-1.328308079486
Q8TDN6	BRIX1 	Ribosome biogenesis protein BRX1 homolog 	353	0.79638137608473	0.323897943591174	1.26886480857829	7.14826944973792	3.51519524759299	0.00216872318690373	0.0694163446926716	-1.33991600615831
Q86U42	PABPN1 	Polyadenylate-binding protein 2 	306	-0.500860740874312	-0.798356973968319	-0.203364507780304	7.05783082985361	-3.51115872399017	0.00218912175531314	0.0694163446926716	-1.34833073884045
Q9UHX1	PUF60 	Poly(U)-binding-splicing factor PUF60 	559	0.622911837631549	0.248601096924483	0.997222578338616	7.64816277499236	3.47063735507527	0.00240464950195893	0.0738678268883008	-1.43270879354659
Q9H0S4	DDX47 	Probable ATP-dependent RNA helicase DDX47 	455	-0.868198400489955	-1.39333274646166	-0.343064054518254	7.29991666619028	-3.44797016631195	0.00253417778697063	0.0754877807452162	-1.47983040538915
Q7Z6Z7	HUWE1 	E3 ubiquitin-protein ligase HUWE1 	4374	-0.788437919081206	-1.2762594108988	-0.300616427263611	6.49550640632336	-3.37071097392207	0.00302926089557914	0.0820293471165702	-1.63997900530071
Q9H307	PNN 	Pinin 	717	0.58794647622312	0.223773459649468	0.952119492796772	7.29074148922865	3.367014372043	0.00305518919645511	0.0820293471165702	-1.64762259536127
P09972	ALDOC 	Fructose-bisphosphate aldolase C 	364	1.36612526982432	0.518569423988307	2.21368111566033	7.3694955649071	3.36153117273639	0.0030940497635798	0.0820293471165702	-1.65895703945698
Q9NY61	AATF 	Protein AATF 	560	0.791756272251603	0.297549065334895	1.28596347916831	6.05072049688882	3.34116082053546	0.00324270441027087	0.0820293471165702	-1.70102937781107
Q16630	CPSF6 	Cleavage and polyadenylation specificity factor subunit 6 	551	-0.616254589178922	-1.00222032639975	-0.23028885195809	8.19958194105386	-3.3298629171905	0.00332814298552035	0.0820293471165702	-1.72433901339812
P40227	CCT6A 	T-complex protein 1 subunit zeta 	531	0.574199270246648	0.214456264883798	0.933942275609499	7.7367364753992	3.32878096690268	0.00333643970758072	0.0820293471165702	-1.72657033209735
P04083	ANXA1 	Annexin A1 	346	0.875699436919398	0.324397206752987	1.42700166708581	6.92345704833399	3.31268592937508	0.00346227683951817	0.0820293471165702	-1.75974357481274
Q6UB35	MTHFD1L 	Monofunctional C1-tetrahydrofolate synthase, mitochondrial 	978	-0.444121005531768	-0.725523517853439	-0.162718493210097	7.53171115533519	-3.29145775877563	0.00363536412181312	0.0820293471165702	-1.80343891891923
P78344	EIF4G2 	Eukaryotic translation initiation factor 4 gamma 2 	907	0.558789117635341	0.204017772745729	0.913560462524952	6.93778809953443	3.28484095857563	0.00369102338956464	0.0820293471165702	-1.81704498503315
Q8TDD1	DDX54 	ATP-dependent RNA helicase DDX54 	881	-0.773914983429964	-1.26617008007626	-0.281659886783669	6.70704348917849	-3.27882301955379	0.00374236736707848	0.0820293471165702	-1.82941385375731
P46783	RPS10 	40S ribosomal protein S10 	165	-0.818651048064182	-1.34176644444197	-0.295535651686393	7.66490865167785	-3.26374531686045	0.00387408951711989	0.0820293471165702	-1.86037910059912
O43707	ACTN4 	Alpha-actinin-4 	911	0.558799554927441	0.201702462229783	0.9158966476251	7.01699934751628	3.26350798050233	0.00387619869999917	0.0820293471165702	-1.86086623850636
P47897	QARS 	Glutamine--tRNA ligase 	775	-0.462723167976182	-0.758497569358247	-0.166948766594117	6.59772239840649	-3.26268842705147	0.00388349060426776	0.0820293471165702	-1.8625483214984
Q8TCG1	CIP2A 	Protein CIP2A 	905	0.465570510625523	0.166831581351799	0.764309439899246	7.53090813269439	3.25018877445749	0.00399637818612246	0.0820293471165702	-1.88818996142137
P54577	YARS 	Tyrosine--tRNA ligase, cytoplasmic 	528	0.658334423401659	0.235776823569104	1.08089202323421	7.65720027505951	3.24919360075054	0.00400550219897799	0.0820293471165702	-1.89023038263593
P13995	MTHFD2 	Bifunctional methylenetetrahydrofolate dehydrogenase/cyclohydrolase, mitochondrial 	350	-0.548707148585114	-0.904131835845984	-0.193282461324244	7.35954712931237	-3.21964486240117	0.00428586194998287	0.084886746892071	-1.95074147037719
O15355	PPM1G 	Protein phosphatase 1G 	546	0.752149494335031	0.264454441380116	1.23984454728995	7.33696653602705	3.21640522932313	0.00431773890600565	0.084886746892071	-1.95736696663431
P33176	KIF5B 	Kinesin-1 heavy chain 	963	0.5729664031583	0.198601842336858	0.947330963979742	7.6751353966731	3.19190068147867	0.00456644929512622	0.0860167245547701	-2.00742457864252
Q08170	SRSF4 	Serine/arginine-rich splicing factor 4 	494	0.693132405969997	0.239275670940552	1.14698914099944	7.318387159442	3.18502144786657	0.00463874175828268	0.0860167245547701	-2.02145882058952
O94925	GLS 	Glutaminase kidney isoform, mitochondrial 	669	0.658278065204772	0.227018698742119	1.08953743166742	7.71447027685609	3.18336022306155	0.00465636545325541	0.0860167245547701	-2.02484662577075
Q15365	PCBP1 	Poly(rC)-binding protein 1 	356	-0.454183978932678	-0.752337215699616	-0.156030742165741	8.0276902460178	-3.17692691598436	0.00472523207116743	0.0860167245547701	-2.03796175659677
Q14671	PUM1 	Pumilio homolog 1 	1186	-0.448971298480471	-0.745217086848971	-0.152725510111971	6.70083466198865	-3.16068587574792	0.00490352348469219	0.0875765342529017	-2.0710384656763
Q9UNW9	NOVA2 	RNA-binding protein Nova-2 	492	-0.475866118726424	-0.792632851311234	-0.159099386141615	6.95587410305995	-3.13299831628144	0.00522265431835808	0.0875765342529017	-2.12731662666333
Q9Y5L0	TNPO3 	Transportin-3 	923	-0.604180382831512	-1.00759287948785	-0.200767886175175	6.83811808452916	-3.12343314474625	0.00533752143458419	0.0875765342529017	-2.14672574042713
O15226	NKRF 	NF-kappa-B-repressing factor 	690	0.937433606043299	0.311007632759556	1.56385957932704	6.37816997326266	3.12094204465674	0.00536783691064934	0.0875765342529017	-2.15177769468071
P39656	DDOST 	Dolichyl-diphosphooligosaccharide--protein glycosyltransferase 48 kDa subunit 	456	-0.754408367987895	-1.25965804575789	-0.249158690217896	7.53133130504023	-3.11397695113103	0.00545348791147546	0.0875765342529017	-2.16589661742153
P07355	ANXA2 	Annexin A2 	339	0.554846472249558	0.182464478305558	0.927228466193558	8.02173753973528	3.10741385620333	0.00553540763094258	0.0875765342529017	-2.17919210360563
Q96HA7	TONSL 	Tonsoku-like protein 	1378	0.66326050418502	0.217998372227123	1.10852263614292	4.75972114357455	3.10658554551931	0.00554583092606921	0.0875765342529017	-2.18086949845212
Q9BTD8	RBM42 	RNA-binding protein 42 	480	0.889573406814526	0.29186449052236	1.48728232310669	6.07053277813137	3.10389484022098	0.00557982171041517	0.0875765342529017	-2.18631746912771
P21980	TGM2 	Protein-glutamine gamma-glutamyltransferase 2 	687	0.530597601143768	0.173788563847797	0.887406638439738	7.78003938452518	3.10130427925479	0.00561273820745962	0.0875765342529017	-2.19156133959793
Q9NT62	ATG3 	Ubiquitin-like-conjugating enzyme ATG3 	314	0.868210978417113	0.281668341005375	1.45475361582885	7.15063786964008	3.08702841750781	0.0057975359439952	0.0890465286398013	-2.22043517452526
Q86V48	LUZP1 	Leucine zipper protein 1 	1076	0.47577603776267	0.150838994209034	0.800713081316306	6.96736902516692	3.05364313987407	0.00625299858119641	0.0945645785433242	-2.28779918707436
Q86XP3	DDX42 	ATP-dependent RNA helicase DDX42 	938	-0.466602400541053	-0.787011118738892	-0.146193682343214	6.53507287451742	-3.03708947071432	0.00649148805908692	0.0964377122242767	-2.32111550696521
Q96CT7	CCDC124 	Coiled-coil domain-containing protein 124 	223	-0.707915859602715	-1.1952497965361	-0.220581922669331	6.97900724133104	-3.02949282419304	0.00660385470123872	0.0964377122242767	-2.33638532944722
P24534	EEF1B2 	Elongation factor 1-beta 	225	0.454376602997084	0.141116312004211	0.767636893989958	7.67291499032958	3.0250012277242	0.00667117439598252	0.0964377122242767	-2.34540797077874
P68366	TUBA4A 	Tubulin alpha-4A chain 	448	0.898495843881724	0.27732895725315	1.5196627305103	8.19802529628657	3.01663467176968	0.00679834342261871	0.0964932765119912	-2.36220297643889
Q99442	SEC62 	Translocation protein SEC62 	399	0.805770617864344	0.247832782305602	1.36370845342309	7.84448250357434	3.01190004900984	0.00687134217277659	0.0964932765119912	-2.37170051934625
Q9Y3I0	RTCB 	tRNA-splicing ligase RtcB homolog 	505	0.528915123518577	0.160781324725513	0.897048922311642	6.83761391947208	2.99636858232842	0.00711615815042588	0.0985237107305443	-2.40282174799302
P13489	RNH1 	Ribonuclease inhibitor 	461	0.495042293520037	0.147268250549644	0.842816336490431	6.93570871700671	2.96865740971477	0.00757400846875483	0.103406254510917	-2.45821414044248
P43243	MATR3 	Matrin-3 	847	-0.562477565483093	-0.960038446286156	-0.16491668468003	7.50627635432812	-2.95064188491572	0.00788675244888376	0.105364045449492	-2.49413141255401
P08865	RPSA 	40S ribosomal protein SA 	295	0.583002642793413	0.170579974992431	0.995425310594395	6.89115483948384	2.94810493774484	0.00793177961674708	0.105364045449492	-2.49918320495877
Q01518	CAP1 	Adenylyl cyclase-associated protein 1 	475	0.654606444395938	0.187297674924693	1.12191521386718	7.28266082978996	2.92140176538692	0.00842097560406259	0.11037092025058	-2.55226422782523
P36955	SERPINF1 	Pigment epithelium-derived factor 	418	1.01099411117676	0.286757330536014	1.73523089181751	6.49884916379168	2.91127339124849	0.00861400840513672	0.111415398187492	-2.57235264617639
Q9UIG0	BAZ1B 	Tyrosine-protein kinase BAZ1B 	1483	-0.493830989175197	-0.851238976882256	-0.136423001468138	7.78328818092017	-2.88156902522012	0.00920495104467856	0.11735461656611	-2.63112163299809
P08243	ASNS 	Asparagine synthetase [glutamine-hydrolyzing] 	561	0.545041817267819	0.149859464644644	0.940224169890994	7.97037452672783	2.87638637893845	0.00931196347116639	0.11735461656611	-2.64135261698432
P27694	RPA1 	Replication protein A 70 kDa DNA-binding subunit 	616	0.690710909515194	0.188764986394292	1.1926568326361	7.38788168367176	2.86981780887279	0.00944930770899543	0.1175780946575	-2.65430970022274
P31943	HNRNPH1 	Heterogeneous nuclear ribonucleoprotein H 	449	-0.487240313135203	-0.843639521228312	-0.130841105042094	7.76574373722711	-2.85115892102566	0.00985012392983476	0.118594518539688	-2.69105538742312
P07900	HSP90AA1 	Heat shock protein HSP 90-alpha 	732	0.598779603282451	0.160752259599875	1.03680694696503	7.7026561138579	2.85089169018777	0.00985598099674113	0.118594518539688	-2.69158099852152
Q9BTT0	ANP32E 	Acidic leucine-rich nuclear phosphoprotein 32 family member E 	268	0.69839419134175	0.187193775926477	1.20959460675702	7.53631039652692	2.84920936048173	0.00989293033596586	0.118594518539688	-2.69488951057267
Q07157	TJP1 	Tight junction protein ZO-1 	1748	-0.667132239215361	-1.16165048748196	-0.172613990948766	5.8744932813615	-2.81348463815363	0.0107095833819326	0.123774709508351	-2.76496941202132
Q12996	CSTF3 	Cleavage stimulation factor subunit 3 	717	-0.582038390252923	-1.01418973368029	-0.149887046825558	6.79750117257576	-2.80886395746882	0.0108198028826084	0.123774709508351	-2.77400854614834
Q9BXJ9	NAA15 	N-alpha-acetyltransferase 15, NatA auxiliary subunit 	866	0.975124095483579	0.250773753621248	1.69947443734591	6.8579744110109	2.80754134482522	0.0108515508314717	0.123774709508351	-2.77659481323561
P35580	MYH10 	Myosin-10 	1976	-0.397779963343651	-0.693898399043037	-0.101661527644265	7.32470690036909	-2.8015114308952	0.010997423777453	0.123774709508351	-2.78837976761589
P43358	MAGEA4 	Melanoma-associated antigen 4 	317	0.443970910919008	0.112933123390648	0.775008698447367	7.39452272390488	2.79699626950863	0.0111078766887794	0.123774709508351	-2.79719771350343
P12814	ACTN1 	Alpha-actinin-1 	892	0.898535230790128	0.225197080094741	1.57187338148552	7.30557026517644	2.78302322171877	0.0114564440415884	0.123774709508351	-2.82445071255479
Q99873	PRMT1 	Protein arginine N-methyltransferase 1 	361	0.605924288321395	0.151212653793187	1.0606359228496	7.37342197730543	2.77905560747462	0.0115573059828587	0.123774709508351	-2.83217918322457
P14625	HSP90B1 	Endoplasmin 	803	0.491154403961298	0.122546301714103	0.859762506208493	7.43339929738948	2.77886921370255	0.0115620651254574	0.123774709508351	-2.83254214858866
P60953	CDC42 	Cell division control protein 42 homolog 	191	0.68842419158843	0.17065870171636	1.2061896814605	7.93193352432164	2.77292398774436	0.0117148472632183	0.123774709508351	-2.84411416506548
Q02878	RPL6 	60S ribosomal protein L6 	288	0.51801606327268	0.128210848106034	0.907821278439326	7.37706383981011	2.77147218183104	0.011752447578958	0.123774709508351	-2.84693849591338
P11387	TOP1 	DNA topoisomerase 1 	765	0.593969284986634	0.146922411622895	1.04101615835037	7.60880112196868	2.77093199731596	0.0117664671627513	0.123774709508351	-2.84798921355476
Q9BPX3	NCAPG 	Condensin complex subunit 3 	1015	-0.526620117064706	-0.923692584791993	-0.129547649337418	6.86801937891397	-2.76593909116816	0.011896806546655	0.123774709508351	-2.85769702932283
P22570	FDXR 	NADPH:adrenodoxin oxidoreductase, mitochondrial 	491	-0.599039029753173	-1.05123999881843	-0.146838060687916	6.84378889769592	-2.76273081984202	0.011981283139839	0.123774709508351	-2.86393118715847
P62491	RAB11A 	Ras-related protein Rab-11A 	216	0.609390590345492	0.148705594182198	1.07007558650879	7.22770057642664	2.75871361169383	0.0120878658319448	0.123774709508351	-2.87173307407841
O75083	WDR1 	WD repeat-containing protein 1 	606	0.507088528702347	0.122671770433423	0.891505286971271	7.38067530579696	2.75103690184256	0.0122940578505472	0.124291105532851	-2.88662921734596
Q9NQW6	ANLN 	Anillin 	1124	0.413526767514877	0.0995467176100209	0.727506817419732	7.21932516794562	2.74673343698539	0.0124111070525124	0.124291105532851	-2.89497234266896
P62979	RPS27A 	Ubiquitin-40S ribosomal protein S27a 	156	0.767985659545147	0.183780469210255	1.35219084988004	8.21674129082731	2.74159084638462	0.012552370953714	0.124291105532851	-2.90493521095872
P05388	RPLP0 	60S acidic ribosomal protein P0 	317	0.678066158799852	0.161639352440073	1.19449296515963	7.38695804955845	2.73828239732128	0.0126440595659055	0.124291105532851	-2.91134066513884
P82675	MRPS5 	28S ribosomal protein S5, mitochondrial 	430	-0.576800041819854	-1.01802732624226	-0.135572757397443	7.2064866293191	-2.72632649908233	0.0129807392273912	0.126176186404641	-2.93446150644953
O75691	UTP20 	Small subunit processome component 20 homolog 	2785	-0.51951619115129	-0.917493848154852	-0.121538534147727	7.27307935950254	-2.72242132690749	0.0130925442657918	0.126176186404641	-2.9420043299328
P10599	TXN 	Thioredoxin 	105	0.690609342468198	0.158133601216831	1.22308508371957	7.60675625485178	2.70487726912504	0.0136062188161327	0.129853525206393	-2.97583428600772
P12236	SLC25A6 	ADP/ATP translocase 3 	298	0.594269086427375	0.133685006681838	1.05485316617291	7.1680652385127	2.69084795359879	0.0140306971993288	0.131349191109284	-3.00281976282583
Q5T4S7	UBR4 	E3 ubiquitin-protein ligase UBR4 	5183	0.569523053296237	0.127584991589176	1.0114611150033	6.8699241854579	2.68760130679286	0.0141307045631057	0.131349191109284	-3.00905612310638
Q96IF1	AJUBA 	LIM domain-containing protein ajuba 	538	-0.494453817695438	-0.879346865027304	-0.109560770363571	6.56591632786323	-2.67917208941572	0.0143935179429277	0.131349191109284	-3.02523229814058
O95239	KIF4A 	Chromosome-associated kinesin KIF4A 	1232	0.491756575769981	0.108297634966302	0.875215516573659	6.67158985516921	2.67452246162907	0.0145404644866288	0.131349191109284	-3.0341457805655
P67809	YBX1 	Nuclease-sensitive element-binding protein 1 	324	0.709954031954792	0.156251336881723	1.26365672702786	6.99615276271482	2.67404391022234	0.0145556690413096	0.131349191109284	-3.03506279633607
Q9Y4W2	LAS1L 	Ribosomal biogenesis protein LAS1L 	734	-0.590923448137763	-1.05224559842897	-0.129601297846553	7.30434983069738	-2.67141805945272	0.0146393662037928	0.131349191109284	-3.04009326402196
P53621	COPA 	Coatomer subunit alpha 	1224	0.568143314211199	0.1242994765966	1.0119871518258	7.25263530808291	2.66957820393541	0.0146982818128395	0.131349191109284	-3.04361667803902
Q6YHK3	CD109 	CD109 antigen 	1445	0.627508034439295	0.134768402333948	1.12024766654464	6.81424344801594	2.65593069253047	0.015142365153221	0.13409860311366	-3.06971908946042
Q14011	CIRBP 	Cold-inducible RNA-binding protein 	172	-0.518181578902784	-0.925892805953331	-0.110470351852236	8.30932218091768	-2.65060029032068	0.015319239515649	0.134216346598317	-3.07989807229963
O75533	SF3B1 	Splicing factor 3B subunit 1 	1304	0.427138560586995	0.0902165425036073	0.764060578670382	7.06666921830491	2.6439566386123	0.015542427891393	0.134216346598317	-3.09257215321314
Q14247	CTTN 	Src substrate cortactin 	550	0.55548346205148	0.116560770481274	0.994406153621687	7.60251384685173	2.63935642149753	0.0156987671506783	0.134216346598317	-3.10133968165409
P46821	MAP1B 	Microtubule-associated protein 1B 	2468	0.555010828300854	0.116446785686303	0.993574870915405	7.54339065961111	2.63926729873664	0.015701810639681	0.134216346598317	-3.10150947296402
O43175	PHGDH 	D-3-phosphoglycerate dehydrogenase 	533	0.500759641345273	0.104213940860334	0.897305341830213	7.61845730360604	2.63360729301144	0.0158962433245671	0.134362186468015	-3.11228732029162
Q9NZB2	FAM120A 	Constitutive coactivator of PPAR-gamma-like protein 1 	1118	-0.480732430987704	-0.861819716931255	-0.0996451450441526	7.05839182053846	-2.6308367714957	0.0159922439641483	0.134362186468015	-3.11755919755797
P32969	RPL9 	60S ribosomal protein L9 	192	0.655842974832973	0.133895437841066	1.17779051182488	7.91042643628872	2.6205229062194	0.0163544649696566	0.136241009026885	-3.13716292709537
Q07065	CKAP4 	Cytoskeleton-associated protein 4 	602	0.510781002601185	0.102986024411141	0.918575980791229	7.2392869214541	2.61220829867244	0.0166520994627171	0.137554737578579	-3.15294125072452
Q08945	SSRP1 	FACT complex subunit SSRP1 	709	0.63601725119398	0.127014824991725	1.14501967739624	7.1638394282642	2.60593743682987	0.0168799493757398	0.138274918636268	-3.16482613012095
Q8IY67	RAVER1 	Ribonucleoprotein PTB-binding 1 	606	-0.5853971278459	-1.05464074129431	-0.116153514397488	6.83298967086239	-2.60175955849179	0.0170333807389789	0.138378622036498	-3.17273702349928
P31942	HNRNPH3 	Heterogeneous nuclear ribonucleoprotein H3 	346	0.522492728806405	0.102618585458898	0.942366872153913	8.08724218991519	2.59523125075822	0.0172757672353311	0.139197370428938	-3.18508683380047
B5ME19	EIF3CL 	Eukaryotic translation initiation factor 3 subunit C-like protein 	914	-0.396654954602469	-0.716411107763258	-0.0768988014416801	7.49855268871767	-2.58707437825577	0.0175831910028348	0.140522575250298	-3.20049734472778
Q9Y3C1	NOP16 	Nucleolar protein 16 	178	-0.414402939854209	-0.749348683259838	-0.0794571964485793	6.73395507792193	-2.58025903008073	0.0178439999355541	0.141456870456852	-3.21335611835679
Q13404	UBE2V1 	Ubiquitin-conjugating enzyme E2 variant 1 	147	-0.407685509444971	-0.738115957582937	-0.0772550613070053	6.73911960838928	-2.57312069614657	0.0181210731009797	0.142504118866104	-3.22680734225773
Q7L014	DDX46 	Probable ATP-dependent RNA helicase DDX46 	1031	0.528341051862778	0.0976441260391914	0.959037977686365	7.10304169447077	2.55833567226734	0.0187078821207198	0.144014153853072	-3.25461212444937
P27695	APEX1 	DNA-(apurinic or apyrimidinic site) lyase 	318	-0.514210657482164	-0.933739701303402	-0.0946816136609264	7.131489194862	-2.5561950130172	0.0187943104444711	0.144014153853072	-3.25863159941885
P53999	SUB1 	Activated RNA polymerase II transcriptional coactivator p15 	127	0.72109782798172	0.132528015245742	1.3096676407177	7.23060128395582	2.55511908353551	0.0188378923464765	0.144014153853072	-3.26065125069581
P30084	ECHS1 	Enoyl-CoA hydratase, mitochondrial 	290	0.559862399816121	0.100906708684106	1.01881809094814	7.24144581546529	2.54404906974823	0.0192918486435236	0.144014153853072	-3.28140757590224
Q5TFQ8	SIRPB1 	Signal-regulatory protein beta-1 isoform 3 	398	-0.557202385430477	-1.0141763595504	-0.100228411310557	7.87946923459804	-2.54294192720999	0.0193378111769968	0.144014153853072	-3.28348111317284
E9PRG8	C11orf98 	Uncharacterized protein C11orf98 	122	0.385071263970133	0.0691340388017351	0.70100848913853	6.88647947183987	2.54188122274724	0.0193819423274873	0.144014153853072	-3.28546727377387
O75694	NUP155 	Nuclear pore complex protein Nup155 	1391	0.662177277673962	0.11884258544176	1.20551196990616	6.90282704745343	2.54168531710859	0.0193901034247149	0.144014153853072	-3.28583406222374
P12268	IMPDH2 	Inosine-5'-monophosphate dehydrogenase 2 	514	0.520982137758017	0.0921893019793717	0.949774973536663	7.46865105295016	2.53390456992245	0.0197168581353393	0.144014153853072	-3.30039078772665
P36957	DLST 	Dihydrolipoyllysine-residue succinyltransferase component of 2-oxoglutarate dehydrogenase complex, mitochondrial 	453	-0.578146812354789	-1.05399559477619	-0.102298029933386	7.33930799130415	-2.53386874746	0.0197183743965806	0.144014153853072	-3.30045775722809
O95793	STAU1 	Double-stranded RNA-binding protein Staufen homolog 1 	577	0.357888527703201	0.0627830604022518	0.65299399500415	7.29063212864278	2.52921333795308	0.0199163585400755	0.144014153853072	-3.30915709516771
Q13247	SRSF6 	Serine/arginine-rich splicing factor 6 	344	0.572361555495452	0.100371090447952	1.04435202054295	7.66301068734332	2.52901946461259	0.0199246438698045	0.144014153853072	-3.30951920990865
Q9NVU7	SDAD1 	Protein SDA1 homolog 	687	-0.43557723195994	-0.796070144424792	-0.0750843194950871	7.62346171900694	-2.51990043780887	0.0203180265937867	0.145785548479506	-3.32653649649877
P11388	TOP2A 	DNA topoisomerase 2-alpha 	1531	0.350119104703233	0.0574311755784584	0.642807033828008	7.30374794296023	2.49474372715997	0.0214413398878933	0.152730703694196	-3.37332690358541
Q92598	HSPH1 	Heat shock protein 105 kDa 	858	0.39958348443268	0.0619763629022548	0.737190605963104	6.91175241940487	2.4683734841922	0.0226810788105897	0.159588430984923	-3.42212549200016
Q8IWZ3	ANKHD1 	Ankyrin repeat and KH domain-containing protein 1 	2542	0.505651235487429	0.0782567829005347	0.933045688074323	6.46875304168316	2.46738621321165	0.0227287694179952	0.159588430984923	-3.42394743226416
Q6DKI1	RPL7L1 	60S ribosomal protein L7-like 1 	246	-0.356959608852452	-0.66108034701434	-0.0528388706905641	7.58305941418382	-2.44786793251358	0.0236910516626979	0.165165275066894	-3.45989167996328
P08195	SLC3A2 	4F2 cell-surface antigen heavy chain 	630	0.455532242929847	0.0622204890507752	0.848843996808918	7.43130748608585	2.41544492100256	0.025373957282004	0.174055719731865	-3.51927899541268
Q9Y383	LUC7L2 	Putative RNA-binding protein Luc7-like 2 	392	0.437712001426089	0.0597415723046469	0.815682430547531	7.42062323425109	2.41515813938447	0.0253893272090212	0.174055719731865	-3.51980245779952
Q9Y2V2	CARHSP1 	Calcium-regulated heat-stable protein 1 	147	-0.634813508845256	-1.18386032047923	-0.0857666972112793	7.50515707017298	-2.41130267531356	0.025596801697917	0.174055719731865	-3.52683670820959
Q15043	SLC39A14 	Zinc transporter ZIP14 	492	0.335916374372696	0.0445202064041115	0.62731254234128	7.17235290370107	2.4041539810627	0.0259856732096461	0.174055719731865	-3.53986397101861
P07237	P4HB 	Protein disulfide-isomerase 	508	0.614900185556005	0.0814074059022463	1.14839296520976	7.73861339593254	2.40375953518148	0.0260072891733603	0.174055719731865	-3.54058219452811
Q7L2J0	MEPCE 	7SK snRNA methylphosphate capping enzyme 	689	-0.694222268994959	-1.29663332261599	-0.0918112153739309	4.72945560845191	-2.40336952785158	0.0260286783322322	0.174055719731865	-3.54129227574363
P05198	EIF2S1 	Eukaryotic translation initiation factor 2 subunit 1 	315	0.454167965607176	0.0594736899647175	0.848862241249635	7.61032087276259	2.39977548515383	0.026226557271291	0.174193958092426	-3.54783307207974
P33316	DUT 	Deoxyuridine 5'-triphosphate nucleotidohydrolase, mitochondrial 	252	-0.478189067239784	-0.895172391836226	-0.0612057426433421	7.5640689504535	-2.3916404880044	0.0266796232373452	0.175082410179199	-3.56261903012949
Q06787	FMR1 	Synaptic functional regulator FMR1 	632	0.70154238452046	0.0896256600607254	1.31345910898019	7.42260719253546	2.39098324796523	0.0267165427536926	0.175082410179199	-3.56381246287658
P61221	ABCE1 	ATP-binding cassette sub-family E member 1 	599	0.810896088752519	0.101394611396898	1.52039756610814	7.10146519201739	2.38356414275472	0.0271366029884575	0.176447066399724	-3.57727228652261
Q8WXF1	PSPC1 	Paraspeckle component 1 	523	-0.338064519772018	-0.634482411453903	-0.0416466280901322	7.0656546204251	-2.37853814927756	0.0274246418657976	0.176447066399724	-3.58637795980181
P01023	A2M 	Alpha-2-macroglobulin 	1474	0.662975455920916	0.0800414948109298	1.2459094170309	7.53265585619297	2.37188175796307	0.0278104843929837	0.176447066399724	-3.59842178176239
P56192	MARS 	Methionine--tRNA ligase, cytoplasmic 	900	0.45414516228742	0.0544119487503828	0.853878375824458	7.05701751451004	2.36940553824237	0.027955300178818	0.176447066399724	-3.60289758592853
Q9Y224	RTRAF 	RNA transcription, translation and transport factor protein 	244	0.590119150298513	0.0706024030168241	1.1096358975802	6.35543323853497	2.36894565665524	0.0279822720929686	0.176447066399724	-3.60372855498644
P61313	RPL15 	60S ribosomal protein L15 	204	0.444748697908903	0.0531346979731084	0.836362697844697	7.48964988974827	2.3684892507301	0.0280090640052137	0.176447066399724	-3.60455315893051
P52292	KPNA2 	Importin subunit alpha-1 	529	0.501482300622268	0.058920757422736	0.9440438438218	7.67951711448629	2.36318041474283	0.0283224542687034	0.176447066399724	-3.61413858988494
Q07954	LRP1 	Prolow-density lipoprotein receptor-related protein 1 	4544	0.487861427965109	0.0572027957707026	0.918520060159516	6.70752836569505	2.36253509085679	0.0283607695739129	0.176447066399724	-3.61530297959949
P48960	CD97 	CD97 antigen 	835	-0.556666496334392	-1.04962699364074	-0.0637059990280466	7.52753226938698	-2.35503793072547	0.028809436746918	0.178111171837864	-3.62881800150004
O75390	CS 	Citrate synthase, mitochondrial 	466	0.424350270216516	0.046666868154613	0.80203367227842	7.28038414119257	2.34321169116005	0.0295305521302621	0.181180627185654	-3.6500900525655
Q15003	NCAPH 	Condensin complex subunit 2 	741	0.321004434959247	0.0350173543564029	0.60699151556209	7.21829058389686	2.34088220437753	0.0296745482979555	0.181180627185654	-3.65427332714269
P0DMV9	HSPA1B 	Heat shock 70 kDa protein 1B 	641	0.573176845250161	0.0617842462254632	1.08456944427486	7.22211234077143	2.33748666067442	0.0298856054216093	0.181342902033592	-3.66036698484378
P62826	RAN 	GTP-binding nuclear protein Ran 	216	0.301563179684118	0.0290940385963108	0.574032320771925	7.51736628169183	2.30821326788822	0.0317635118572466	0.191555411997996	-3.71270090723043
Q9BQA1	WDR77 	Methylosome protein 50 	342	-0.472230200811414	-0.899677932550024	-0.0447824690728044	6.66327291283439	-2.30401702245466	0.0320414521042808	0.192053337917732	-3.72017311900234
Q15459	SF3A1 	Splicing factor 3A subunit 1 	793	-0.417256638650138	-0.795623810175359	-0.0388894671249175	7.72168158771089	-2.29987773358308	0.0323178142313613	0.192207051171735	-3.72753654611631
O15479	MAGEB2 	Melanoma-associated antigen B2 	319	-0.313318969597603	-0.597781403321159	-0.0288565358740463	7.81585351167498	-2.29708311877835	0.0325056384153979	0.192207051171735	-3.73250377088184
P78371	CCT2 	T-complex protein 1 subunit beta 	535	0.402649563507513	0.0366563897875868	0.768642737227439	7.47723542929837	2.29440029205748	0.0326868947861549	0.192207051171735	-3.73726914818407
Q13442	PDAP1 	28 kDa heat- and acid-stable phosphoprotein 	181	0.359878237177833	0.0324213268386458	0.68733514751702	7.70067815915722	2.29200925305136	0.032849221359971	0.192207051171735	-3.74151362928084
P30048	PRDX3 	Thioredoxin-dependent peroxide reductase, mitochondrial 	256	0.771341958735023	0.0672923969560842	1.47539152051396	6.69693658361852	2.28485511254126	0.0333393549111602	0.193316069363347	-3.75419866341025
Q9NR12	PDLIM7 	PDZ and LIM domain protein 7 	457	-0.350879356723951	-0.671336049635648	-0.0304226638122541	7.48527879978169	-2.28351260656383	0.0334320771025117	0.193316069363347	-3.75657659990567
Q8WVV9	HNRNPLL 	Heterogeneous nuclear ribonucleoprotein L-like 	542	-0.556257299231042	-1.06500120699091	-0.0475133914711737	6.53115964362479	-2.28029714345987	0.0336551231742517	0.193467754855493	-3.76226886572321
Q16658	FSCN1 	Fascin 	493	0.366528554374158	0.0306285300532408	0.702428578695075	7.48431768868329	2.27568800613057	0.0339772311166025	0.194183826672211	-3.77042048569873
Q15084	PDIA6 	Protein disulfide-isomerase A6 	440	0.346067663427345	0.0283667273146983	0.663768599539991	7.63063265083929	2.27173394854015	0.0342558148410295	0.194644312073596	-3.77740616588996
P07814	EPRS 	Bifunctional glutamate/proline--tRNA ligase 	1512	0.330014161908771	0.0266149283874099	0.633413395430132	7.50795844549137	2.26846999790455	0.0344873567234364	0.19483374516746	-3.78316747586296
Q8WU90	ZC3H15 	Zinc finger CCCH domain-containing protein 15 	426	0.393466944617074	0.0309293104294108	0.756004578804738	7.21161330138076	2.26344579498023	0.0348465803409799	0.195216204757243	-3.79202673621309
Q8N684	CPSF7 	Cleavage and polyadenylation specificity factor subunit 7 	471	0.468400039797061	0.0365393548510324	0.900260724743089	6.92913367203995	2.26197705896397	0.034952240119303	0.195216204757243	-3.79461448669558
Q14152	EIF3A 	Eukaryotic translation initiation factor 3 subunit A 	1382	-0.274639473320287	-0.528812862832506	-0.0204660838080677	7.03614794492787	-2.25344944329032	0.035571542844433	0.197552692746201	-3.80962039623803
O14744	PRMT5 	Protein arginine N-methyltransferase 5 	637	0.368871864402844	0.0264973203130952	0.711246408492593	7.88689293309505	2.24692722159333	0.0360519837760967	0.197754972058078	-3.82107570218754
Q5BKZ1	ZNF326 	DBIRD complex subunit ZNF326 	582	-0.430019285706547	-0.829389835548012	-0.0306487358650819	7.65510550431985	-2.24557124874756	0.036152611700009	0.197754972058078	-3.82345488954721
Q9NUM4	TMEM106B 	Transmembrane protein 106B 	274	-0.573506701041674	-1.10632577019573	-0.040687631887621	7.1666460780573	-2.24477945629907	0.03621149030565	0.197754972058078	-3.82484378802758
Q9UQE7	SMC3 	Structural maintenance of chromosomes protein 3 	1217	0.571489767218564	0.0396896128160688	1.10328992162106	7.24576622711317	2.24117072742955	0.0364809542618399	0.197941408294056	-3.83117038481767
O43663	PRC1 	Protein regulator of cytokinesis 1 	620	-0.30865466123981	-0.596159471393079	-0.0211498510865418	6.92888365350831	-2.23894108995398	0.0366483584023583	0.197941408294056	-3.83507633500285
P16615	ATP2A2 	Sarcoplasmic/endoplasmic reticulum calcium ATPase 2 	1042	0.402943957945106	0.0226965459944946	0.783191369895717	6.90410623290884	2.21000534014067	0.0388856188642665	0.208240118920828	-3.88556358470051
Q9NYZ3	GTSE1 	G2 and S phase-expressed protein 1 	720	-0.499602225198767	-0.971790753189816	-0.0274136972077177	7.15841974361517	-2.20660132401147	0.0391568598080699	0.208240118920828	-3.89147790140365
Q9BYD1	MRPL13 	39S ribosomal protein L13, mitochondrial 	178	-0.579788164259435	-1.1282389310938	-0.0313373974250725	6.1160928662481	-2.20468546719686	0.0393102791135345	0.208240118920828	-3.89480427540854
Q01081	U2AF1 	Splicing factor U2AF 35 kDa subunit 	240	0.632537760026665	0.0338766610992964	1.23119885895403	8.04566016716947	2.2035370630949	0.0394025046991598	0.208240118920828	-3.89679736467562
Q8N163	CCAR2 	Cell cycle and apoptosis regulator protein 2 	923	-0.317922765263579	-0.62105215128645	-0.0147933792407082	6.8922978165721	-2.18730088809657	0.0407276956076904	0.212610634119374	-3.92491062197595
P26639	TARS 	Threonine--tRNA ligase, cytoplasmic 	723	0.421386675746827	0.019317620545005	0.82345573094865	7.49669859970768	2.18572284552988	0.0408586378015134	0.212610634119374	-3.92763652039366
Q9NVV4	MTPAP 	Poly(A) RNA polymerase, mitochondrial 	582	0.385744884551119	0.0176437708551885	0.75384599824705	6.79680638110623	2.18548578466522	0.0408783416567259	0.212610634119374	-3.9280459173562
Q9UHI6	DDX20 	Probable ATP-dependent RNA helicase DDX20 	824	0.431639587139907	0.0175363911040043	0.84574278317581	6.5050859984043	2.17384026136052	0.0418570100156793	0.215194123654908	-3.94812508227348
Q96I25	RBM17 	Splicing factor 45 	401	0.428649109373674	0.0169199722140462	0.840378246533301	6.71157713264628	2.17122717256989	0.0420795186388134	0.215194123654908	-3.9526218321766
Q15269	PWP2 	Periodic tryptophan protein 2 homolog 	919	-0.370092538904545	-0.725811706464263	-0.0143733713448261	6.62150197964052	-2.16979150405117	0.0422022256900926	0.215194123654908	-3.95509104459711
Q03701	CEBPZ 	CCAAT/enhancer-binding protein zeta 	1054	-0.364352627946067	-0.714646252131043	-0.014059003761091	7.24156722008627	-2.16922507282133	0.042250728245572	0.215194123654908	-3.95606498518262
O76021	RSL1D1 	Ribosomal L1 domain-containing protein 1 	490	0.360383046961	0.0133587899588233	0.707407303963177	7.65960073874452	2.16580554707515	0.0425446151714972	0.215574003678256	-3.96194141879377
Q05519	SRSF11 	Serine/arginine-rich splicing factor 11 	484	0.531825742168273	0.0185308224271907	1.04512066190936	8.3235885147436	2.16081373045569	0.042976969116507	0.216648003289879	-3.97050990886326
Q8NB90	SPATA5 	Spermatogenesis-associated protein 5 	893	0.294845654267389	0.0089749290166885	0.58071637951809	7.80190546025949	2.15099791558142	0.043838808038379	0.219865042355748	-3.98732435631971
O14980	XPO1 	Exportin-1 	1071	0.557789020221897	0.0156149282299048	1.09996311221389	6.83349540901154	2.14558706483276	0.0443205686595083	0.22115288828577	-3.99657348789755
Q96EY4	TMA16 	Translation machinery-associated protein 16 	203	-0.327326141774485	-0.646524440067899	-0.00812784348107087	7.49748297315658	-2.13862710110348	0.0449473194438379	0.223147550572185	-4.00845000060483
Q02241	KIF23 	Kinesin-like protein KIF23 	960	-0.471169055669754	-0.931479123970409	-0.0108589873690984	7.07634076180038	-2.13472151799136	0.0453025310454948	0.223780844310158	-4.01510430251177
P33240	CSTF2 	Cleavage stimulation factor subunit 2 	577	-0.413668606980971	-0.81900804985958	-0.00832916410236156	7.4480916711962	-2.12837740372259	0.0458849528939008	0.224774957020285	-4.02589765957643
P57678	GEMIN4 	Gem-associated protein 4 	1058	0.463697768233549	0.00916049982047801	0.918235036646621	6.73025587143537	2.12755330457324	0.0459611051486035	0.224774957020285	-4.02729828497591
P33991	MCM4 	DNA replication licensing factor MCM4 	863	0.519489497593443	0.00893688187454733	1.03004211331234	7.39371103229105	2.12202847988582	0.0464745986765235	0.22616104207437	-4.03667967363652
Q99832	CCT7 	T-complex protein 1 subunit eta 	543	0.382570006451879	0.00569971463490554	0.759440298268853	7.89967227758058	2.11706384919718	0.0469404502995382	0.226535851392268	-4.04509715774884
Q9NYH9	UTP6 	U3 small nucleolar RNA-associated protein 6 homolog 	597	-0.420127657813903	-0.834178567745109	-0.00607674788269624	6.86205228933892	-2.1161306202115	0.0470284893093952	0.226535851392268	-4.04667809587613
Q5JTH9	RRP12 	RRP12-like protein 	1297	0.31873088556123	0.00427325662062439	0.633188514501836	6.88006181359325	2.11386357774317	0.0472429801987945	0.226535851392268	-4.05051680974128
Q8IWX8	CHERP 	Calcium homeostasis endoplasmic reticulum protein 	916	0.399628996363211	0.00472085244278364	0.794537140283639	6.18958424483894	2.1104537747817	0.0475672570999937	0.226983561792688	-4.05628578695383
O60264	SMARCA5 	SWI/SNF-related matrix-associated actin-dependent regulator of chromatin subfamily A member 5 	1052	0.762376272697892	0.00658554664400635	1.51816699875178	6.87833931246771	2.10369490292105	0.0482159890151077	0.228122499464914	-4.06770411576892
P62333	PSMC6 	26S proteasome regulatory subunit 10B 	389	0.325319401917125	0.00272433426569979	0.64791446956855	7.20562339067564	2.10313516127737	0.0482700710973571	0.228122499464914	-4.06864872622348
P23526	AHCY 	Adenosylhomocysteinase 	432	0.524870585716023	0.00364081532201244	1.04610035611003	7.45354210748972	2.10009027721293	0.0485652279070383	0.228419229821142	-4.07378451355425
O76094	SRP72 	Signal recognition particle subunit SRP72 	671	0.533539012876266	0.00201210660696116	1.06506591914557	7.12312689897267	2.0934175906199	0.0492177534025692	0.230385959974884	-4.0850232629718
Q13601	KRR1 	KRR1 small subunit processome component homolog 	381	0.404820694183234	0.000742068904845128	0.808899319461622	6.5554621875419	2.08935275063377	0.0496191239072901	0.231163975359555	-4.09185881470486
